week_key,lotw_hour,hotw_day,hotw_hour,lotw_price,hotw_price,range,is_lotw_monday,monday_lowest_hour,lotw_day,is_hotw_monday,monday_highest_hour
2000-W23,9,Thursday,8,0.9416,0.9704,288.00000000000045,True,9.0,,,
2000-W24,20,Friday,11,0.9494,0.9661,166.99999999999937,True,20.0,,,
2000-W25,12,,3,0.9342,0.9694,352.0000000000001,,,Friday,True,3.0
2000-W26,4,Friday,10,0.9299,0.9604,305.00000000000085,True,4.0,,,
2000-W29,13,,4,0.9193,0.9402,209.00000000000028,,,Wednesday,True,4.0
2000-W31,8,,12,0.8997,0.9295,297.9999999999994,,,Thursday,True,12.0
2000-W33,11,Friday,3,0.9007,0.9184,177.00000000000048,True,11.0,,,
2000-W34,2,,1,0.8912,0.9079,167.00000000000048,,,Wednesday,True,1.0
2000-W35,12,,23,0.8841,0.9045,203.99999999999974,,,Thursday,True,23.0
2000-W36,4,,2,0.8639,0.904,401.0000000000002,,,Thursday,True,2.0
2000-W37,16,,0,0.8527,0.8726,199.00000000000028,,,Friday,True,0.0
2000-W39,12,Wednesday,6,0.8713,0.8886,172.99999999999983,True,12.0,,,
2000-W40,20,,3,0.8672,0.8861,189.00000000000028,,,Friday,True,3.0
2000-W45,6,,2,0.8521,0.8734,212.99999999999986,,,Thursday,True,2.0
2000-W46,15,,2,0.8475,0.8667,191.99999999999994,,,Friday,True,2.0
2000-W48,7,Friday,16,0.839,0.8795,404.99999999999983,True,7.0,,,
2000-W49,2,Thursday,5,0.8759,0.8976,216.9999999999994,True,2.0,,,
2001-W01,20,Friday,2,0.883,0.9599,768.9999999999997,True,20.0,,,
2001-W02,15,,2,0.9365,0.9595,230.0000000000002,,,Wednesday,True,2.0
2001-W06,4,,8,0.9135,0.9439,303.99999999999983,,,Friday,True,8.0
2001-W09,8,Friday,6,0.9083,0.9383,300.0000000000003,True,8.0,,,
2001-W11,11,,2,0.8915,0.9342,427.00000000000074,,,Friday,True,2.0
2001-W14,2,Thursday,2,0.8745,0.9091,345.99999999999966,True,2.0,,,
2001-W15,9,,4,0.8814,0.9051,237.00000000000054,,,Wednesday,True,4.0
2001-W17,12,,22,0.8891,0.9083,191.99999999999994,,,Friday,True,22.0
2001-W18,12,Friday,8,0.8854,0.901,156.00000000000057,True,12.0,,,
2001-W19,11,,19,0.8738,0.8937,199.00000000000028,,,Friday,True,19.0
2001-W20,10,Thursday,3,0.8728,0.8883,154.99999999999957,True,10.0,,,
2001-W21,21,,21,0.8497,0.8819,322.00000000000006,,,Thursday,True,21.0
2001-W24,10,Friday,7,0.8414,0.8676,262.0,True,10.0,,,
2001-W25,8,,1,0.8497,0.8644,146.99999999999935,,,Wednesday,True,1.0
2001-W27,21,,19,0.8353,0.8508,154.99999999999957,,,Friday,True,19.0
2001-W28,5,Wednesday,9,0.8449,0.8645,196.00000000000063,True,5.0,,,
2001-W30,9,Thursday,2,0.8657,0.8826,169.00000000000026,True,9.0,,,
2001-W31,4,Friday,11,0.8726,0.8875,148.99999999999915,True,4.0,,,
2001-W33,21,Thursday,3,0.8925,0.9203,278.00000000000045,True,21.0,,,
2001-W36,3,,2,0.8828,0.9104,275.9999999999996,,,Thursday,True,2.0
2001-W38,11,,4,0.909,0.9336,245.99999999999955,,,Friday,True,4.0
2001-W40,20,Wednesday,3,0.9065,0.9235,170.00000000000014,True,20.0,,,
2001-W41,16,,3,0.9104,0.9244,140.0000000000001,,,Wednesday,True,3.0
2001-W42,20,,21,0.8996,0.914,144.0000000000008,,,Thursday,True,21.0
2001-W43,6,,2,0.8872,0.9005,132.99999999999977,,,Tuesday,True,2.0
2001-W44,19,Tuesday,10,0.8924,0.9104,180.00000000000017,True,19.0,,,
2001-W46,8,,9,0.8775,0.9019,244.00000000000088,,,Wednesday,True,9.0
2001-W47,10,,19,0.8757,0.8855,97.9999999999992,,,Wednesday,True,19.0
2001-W50,8,Wednesday,22,0.8845,0.9068,223.00000000000097,True,8.0,,,
2001-W51,6,,4,0.8955,0.915,195.00000000000074,,,Wednesday,True,4.0
2001-W52,9,Monday,3,0.8745,0.8912,166.99999999999937,True,9.0,,,
2001-W52,9,,3,0.8745,0.8912,166.99999999999937,,,Monday,True,3.0
2002-W03,3,,2,0.8807,0.8956,148.99999999999915,,,Wednesday,True,2.0
2002-W05,8,Monday,19,0.8577,0.8744,166.99999999999937,True,8.0,,,
2002-W05,8,,19,0.8577,0.8744,166.99999999999937,,,Monday,True,19.0
2002-W06,2,Tuesday,9,0.8608,0.8728,120.00000000000011,True,2.0,,,
2002-W09,12,,19,0.8618,0.8758,140.0000000000001,,,Tuesday,True,19.0
2002-W10,5,Thursday,23,0.8635,0.878,144.99999999999957,True,5.0,,,
2002-W12,8,Thursday,18,0.8785,0.8862,77.0000000000004,True,8.0,,,
2002-W14,19,Wednesday,10,0.8714,0.8832,118.00000000000033,True,19.0,,,
2002-W15,14,Wednesday,22,0.8738,0.8827,89.00000000000018,True,14.0,,,
2002-W16,9,Thursday,21,0.8791,0.8916,124.99999999999956,True,9.0,,,
2002-W20,23,,3,0.8998,0.9168,169.99999999999903,,,Wednesday,True,3.0
2002-W22,8,Wednesday,14,0.9186,0.937,184.00000000000082,True,8.0,,,
2002-W23,7,Tuesday,6,0.9306,0.9454,148.00000000000034,True,7.0,,,
2002-W24,22,Wednesday,3,0.9392,0.9508,115.99999999999943,True,22.0,,,
2002-W25,9,Thursday,20,0.9414,0.9586,171.99999999999994,True,9.0,,,
2002-W27,22,,2,0.9753,0.9975,222.00000000000108,,,Thursday,True,2.0
2002-W28,19,Wednesday,2,0.9745,0.9971,225.99999999999955,True,19.0,,,
2002-W29,19,Friday,22,0.9926,1.0204,277.9999999999994,True,19.0,,,
2002-W30,14,,2,0.9847,1.0129,281.9999999999989,,,Tuesday,True,2.0
2002-W32,12,,10,0.9624,0.9879,254.99999999999966,,,Tuesday,True,10.0
2002-W33,19,Wednesday,5,0.9697,0.9895,198.0000000000004,True,19.0,,,
2002-W34,22,,21,0.9666,0.9874,208.0000000000004,,,Friday,True,21.0
2002-W35,3,Thursday,10,0.9689,0.9888,199.00000000000028,True,3.0,,,
2002-W36,1,Thursday,5,0.98,0.9992,191.99999999999994,True,1.0,,,
2002-W39,10,,5,0.9732,0.986,128.00000000000034,,,Thursday,True,5.0
2002-W42,12,,2,0.9699,0.9892,192.99999999999983,,,Thursday,True,2.0
2002-W43,21,Tuesday,13,0.9689,0.9803,113.99999999999966,True,21.0,,,
2002-W44,1,Friday,9,0.973,1.0008,277.9999999999994,True,1.0,,,
2002-W45,6,Friday,11,0.9935,1.0148,212.99999999999875,True,6.0,,,
2002-W46,7,,6,1.0016,1.0173,157.00000000000048,,,Friday,True,6.0
2002-W48,10,,17,0.988,0.9972,91.99999999999986,,,Wednesday,True,17.0
2002-W49,8,Friday,9,0.9863,1.0129,265.99999999999955,True,8.0,,,
2002-W51,11,Tuesday,9,1.0196,1.0337,141.0,True,11.0,,,
2002-W52,12,Friday,14,1.0218,1.0444,225.99999999999955,True,12.0,,,
2003-W05,12,,6,1.0725,1.091,184.9999999999996,,,Friday,True,6.0
2003-W06,3,Wednesday,3,1.0694,1.0939,245.00000000000188,True,3.0,,,
2003-W09,19,Thursday,6,1.071,1.0838,128.00000000000145,True,19.0,,,
2003-W10,20,Friday,8,1.077,1.107,300.0000000000003,True,20.0,,,
2003-W12,12,,3,1.0505,1.0845,340.0000000000003,,,Friday,True,3.0
2003-W13,19,Friday,13,1.0568,1.0803,235.00000000000077,True,19.0,,,
2003-W15,4,Thursday,10,1.0563,1.0832,268.99999999999926,True,4.0,,,
2003-W16,19,Thursday,23,1.0719,1.0979,260.0000000000002,True,19.0,,,
2003-W17,9,Friday,11,1.0824,1.1053,228.9999999999992,True,9.0,,,
2003-W19,2,Friday,20,1.1206,1.154,333.99999999999875,True,2.0,,,
2003-W20,17,,4,1.1373,1.1626,253.000000000001,,,Friday,True,4.0
2003-W24,21,Friday,13,1.1658,1.1879,221.00000000000009,True,21.0,,,
2003-W25,12,,3,1.1554,1.1933,379.00000000000045,,,Friday,True,3.0
2003-W27,5,Tuesday,10,1.1403,1.1612,208.99999999999918,True,5.0,,,
2003-W28,11,,17,1.126,1.149,230.0000000000013,,,Tuesday,True,17.0
2003-W30,19,Friday,10,1.1245,1.1552,306.9999999999995,True,19.0,,,
2003-W32,21,Wednesday,3,1.1263,1.1428,164.9999999999996,True,21.0,,,
2003-W33,6,Monday,13,1.1267,1.1382,115.00000000000065,True,6.0,,,
2003-W33,6,,13,1.1267,1.1382,115.00000000000065,,,Monday,True,13.0
2003-W34,9,,17,1.0839,1.1273,433.9999999999988,,,Friday,True,17.0
2003-W37,8,Friday,10,1.105,1.1326,276.0000000000007,True,8.0,,,
2003-W39,2,Thursday,10,1.1416,1.1539,122.99999999999977,True,2.0,,,
2003-W40,4,Thursday,23,1.1397,1.1772,375.0000000000009,True,4.0,,,
2003-W41,2,Thursday,2,1.1537,1.1861,323.99999999999983,True,2.0,,,
2003-W42,9,,17,1.1546,1.1823,276.99999999999835,,,Friday,True,17.0
2003-W43,21,Friday,12,1.1607,1.186,252.99999999999878,True,21.0,,,
2003-W44,9,,17,1.1603,1.179,186.99999999999937,,,Friday,True,17.0
2003-W45,8,,6,1.1379,1.1621,242.0,,,Friday,True,6.0
2003-W47,12,Wednesday,19,1.173,1.1982,251.9999999999989,True,12.0,,,
2003-W49,11,Friday,15,1.194,1.2179,239.0000000000003,True,11.0,,,
2003-W51,17,Thursday,16,1.2137,1.2439,302.00000000000006,True,17.0,,,
2003-W52,18,Wednesday,11,1.2352,1.2472,120.00000000000011,True,18.0,,,
2004-W03,12,,3,1.2353,1.29,546.9999999999997,,,Friday,True,3.0
2004-W04,4,Friday,3,1.2336,1.2779,443.00000000000006,True,4.0,,,
2004-W06,12,Friday,11,1.2394,1.2727,332.99999999999886,True,12.0,,,
2004-W07,17,Friday,9,1.2607,1.2895,288.0000000000016,True,17.0,,,
2004-W10,11,,2,1.2058,1.2543,484.9999999999999,,,Wednesday,True,2.0
2004-W11,3,,6,1.2162,1.249,328.00000000000165,,,Thursday,True,6.0
2004-W13,3,,10,1.2069,1.2397,327.99999999999943,,,Friday,True,10.0
2004-W14,1,Thursday,8,1.2051,1.2391,340.0000000000003,True,1.0,,,
2004-W16,9,,8,1.1871,1.21,228.9999999999992,,,Wednesday,True,8.0
2004-W17,19,,5,1.1783,1.2082,299.0000000000004,,,Thursday,True,5.0
2004-W18,20,Friday,11,1.1763,1.2016,253.000000000001,True,20.0,,,
2004-W21,19,Friday,9,1.188,1.2072,192.00000000000105,True,19.0,,,
2004-W22,3,Friday,2,1.1935,1.2298,363.0,True,3.0,,,
2004-W25,21,Tuesday,15,1.1957,1.2171,214.00000000000085,True,21.0,,,
2004-W30,14,,1,1.2091,1.2464,372.99999999999886,,,Friday,True,1.0
2004-W35,15,,17,1.2008,1.2323,314.99999999999864,,,Friday,True,17.0
2004-W36,1,Wednesday,13,1.199,1.2222,231.99999999999886,True,1.0,,,
2004-W39,8,Friday,8,1.2127,1.2363,236.00000000000065,True,8.0,,,
2004-W40,7,Thursday,16,1.225,1.2445,194.99999999999852,True,7.0,,,
2004-W47,12,Thursday,3,1.2919,1.3075,156.00000000000057,True,12.0,,,
2004-W49,8,Friday,14,1.3232,1.3462,230.0000000000013,True,8.0,,,
2004-W51,17,Wednesday,12,1.319,1.3444,254.00000000000088,True,17.0,,,
2004-W52,19,Friday,4,1.33,1.355,249.99999999999912,True,19.0,,,
2005-W01,12,,4,1.3028,1.3576,547.9999999999995,,,Friday,True,4.0
2005-W02,17,Wednesday,11,1.3054,1.3295,241.0000000000001,True,17.0,,,
2005-W03,7,,3,1.2924,1.3129,204.99999999999963,,,Thursday,True,3.0
2005-W06,12,Thursday,12,1.2734,1.2908,173.9999999999986,True,12.0,,,
2005-W07,17,Thursday,12,1.2879,1.309,210.99999999999898,True,17.0,,,
2005-W08,22,Wednesday,21,1.3035,1.3276,240.9999999999979,True,22.0,,,
2005-W09,9,,21,1.309,1.3281,191.00000000000117,,,Wednesday,True,21.0
2005-W10,9,Friday,8,1.3181,1.3481,300.0000000000003,True,9.0,,,
2005-W11,9,,19,1.3267,1.3478,211.0000000000012,,,Friday,True,19.0
2005-W12,18,,19,1.2931,1.3318,387.00000000000176,,,Friday,True,19.0
2005-W13,10,Friday,8,1.2859,1.3058,199.00000000000028,True,10.0,,,
2005-W16,21,Thursday,11,1.2878,1.3125,246.99999999999943,True,21.0,,,
2005-W17,14,,17,1.2856,1.3071,214.99999999999852,,,Friday,True,17.0
2005-W22,16,,21,1.2162,1.2547,384.9999999999998,,,Wednesday,True,21.0
2005-W25,0,,23,1.1984,1.224,256.0000000000007,,,Friday,True,23.0
2005-W26,10,,7,1.2018,1.2187,168.99999999999915,,,Wednesday,True,7.0
2005-W28,18,Tuesday,14,1.1958,1.2257,299.0000000000004,True,18.0,,,
2005-W31,18,Thursday,11,1.2121,1.2404,282.99999999999994,True,18.0,,,
2005-W32,1,Friday,4,1.2318,1.2487,168.99999999999915,True,1.0,,,
2005-W33,3,,17,1.2129,1.2468,338.9999999999982,,,Friday,True,17.0
2005-W34,19,Friday,10,1.2159,1.2343,183.99999999999972,True,19.0,,,
2005-W36,20,,0,1.2376,1.2587,210.99999999999898,,,Friday,True,0.0
2005-W37,9,,20,1.2196,1.2418,221.99999999999997,,,Thursday,True,20.0
2005-W41,10,,3,1.1916,1.2154,238.00000000000043,,,Thursday,True,3.0
2005-W42,3,,20,1.1876,1.2123,246.99999999999943,,,Wednesday,True,20.0
2005-W43,23,Thursday,8,1.1923,1.2174,251.00000000000122,True,23.0,,,
2005-W44,10,,3,1.1804,1.209,286.0000000000018,,,Friday,True,3.0
2005-W45,18,,4,1.1673,1.1834,161.00000000000003,,,Friday,True,4.0
2005-W48,9,,14,1.1664,1.1905,240.9999999999979,,,Friday,True,14.0
2005-W49,23,Thursday,11,1.169,1.1851,161.00000000000003,True,23.0,,,
2005-W50,17,Wednesday,14,1.178,1.2108,328.00000000000165,True,17.0,,,
2005-W51,10,,18,1.1803,1.2041,238.00000000000043,,,Wednesday,True,18.0
2006-W03,3,,18,1.2042,1.2177,135.00000000000068,,,Friday,True,18.0
2006-W06,15,,19,1.1894,1.2048,154.0000000000008,,,Friday,True,19.0
2006-W08,8,,21,1.1865,1.1978,112.99999999999866,,,Wednesday,True,21.0
2006-W09,19,Friday,9,1.1827,1.2053,225.99999999999955,True,19.0,,,
2006-W10,9,,18,1.1861,1.2094,233.000000000001,,,Friday,True,18.0
2006-W11,17,Friday,12,1.1913,1.2208,295.0000000000008,True,17.0,,,
2006-W12,8,,4,1.1954,1.2197,242.9999999999999,,,Friday,True,4.0
2006-W14,3,Thursday,4,1.2035,1.2335,300.0000000000003,True,3.0,,,
2006-W16,17,Wednesday,14,1.2122,1.2396,274.0000000000009,True,17.0,,,
2006-W17,10,Friday,16,1.2334,1.2644,309.99999999999915,True,10.0,,,
2006-W18,15,Friday,8,1.2557,1.2765,207.9999999999993,True,15.0,,,
2006-W20,11,,18,1.2695,1.2973,277.99999999999824,,,Friday,True,18.0
2006-W21,2,Wednesday,8,1.2695,1.2893,197.99999999999818,True,2.0,,,
2006-W22,18,Friday,8,1.272,1.2942,221.99999999999997,True,18.0,,,
2006-W23,8,,3,1.2598,1.2982,383.9999999999999,,,Friday,True,3.0
2006-W26,18,Friday,16,1.2505,1.2795,290.00000000000136,True,18.0,,,
2006-W28,10,,18,1.2629,1.282,191.00000000000117,,,Friday,True,18.0
2006-W34,10,,10,1.2728,1.2942,214.00000000000085,,,Friday,True,10.0
2006-W36,10,,16,1.2654,1.2876,221.99999999999997,,,Friday,True,16.0
2006-W38,18,Friday,4,1.2631,1.2833,202.0000000000022,True,18.0,,,
2006-W39,8,,0,1.2642,1.282,178.00000000000037,,,Friday,True,0.0
2006-W41,11,,7,1.2485,1.2615,130.00000000000122,,,Friday,True,7.0
2006-W42,3,Thursday,14,1.2491,1.2646,154.99999999999847,True,3.0,,,
2006-W45,4,Friday,4,1.2692,1.2901,208.99999999999918,True,4.0,,,
2006-W46,1,,0,1.2765,1.2879,114.00000000000077,,,Friday,True,0.0
2006-W48,3,Friday,10,1.3088,1.335,262.0,True,3.0,,,
2006-W49,11,,17,1.3194,1.337,176.0000000000006,,,Friday,True,17.0
2006-W51,10,Wednesday,1,1.3054,1.3248,194.00000000000085,True,10.0,,,
2007-W01,11,,20,1.2983,1.475,1767.0000000000007,,,Friday,True,20.0
2007-W05,21,Friday,8,1.2901,1.3067,165.9999999999995,True,21.0,,,
2007-W07,7,Thursday,9,1.2943,1.3174,230.99999999999898,True,7.0,,,
2007-W10,9,Monday,17,1.3074,1.3214,140.0000000000001,True,9.0,,,
2007-W10,9,,17,1.3074,1.3214,140.0000000000001,,,Monday,True,17.0
2007-W11,0,Friday,7,1.311,1.3341,231.0000000000012,True,0.0,,,
2007-W13,3,Friday,11,1.3257,1.3402,144.99999999999957,True,3.0,,,
2007-W15,12,Friday,10,1.3341,1.3555,213.99999999999864,True,12.0,,,
2007-W17,9,Friday,8,1.3544,1.3683,139.00000000000023,True,9.0,,,
2007-W18,22,,11,1.3536,1.368,144.0000000000019,,,Friday,True,11.0
2007-W19,21,,8,1.3465,1.363,164.9999999999996,,,Friday,True,8.0
2007-W21,21,,17,1.3413,1.3534,121.0,,,Friday,True,17.0
2007-W27,0,Thursday,5,1.3529,1.3661,132.000000000001,True,0.0,,,
2007-W31,18,Friday,15,1.361,1.3822,212.00000000000108,True,18.0,,,
2007-W32,7,,18,1.3642,1.3842,200.00000000000017,,,Friday,True,18.0
2007-W33,6,,22,1.3362,1.3711,348.9999999999993,,,Thursday,True,22.0
2007-W37,23,Thursday,4,1.3769,1.393,161.00000000000003,True,23.0,,,
2007-W40,8,,18,1.4035,1.4283,247.99999999999932,,,Friday,True,18.0
2007-W43,12,Friday,16,1.4127,1.4397,269.99999999999915,True,12.0,,,
2007-W45,6,Friday,5,1.4444,1.4754,310.00000000000136,True,6.0,,,
2007-W47,3,Friday,21,1.4623,1.497,347.00000000000176,True,3.0,,,
2007-W51,7,,22,1.4311,1.4453,141.99999999999991,,,Thursday,True,22.0
2007-W52,17,Friday,10,1.4368,1.473,362.0000000000001,True,17.0,,,
2008-W05,3,Friday,8,1.4664,1.495,286.0000000000018,True,3.0,,,
2008-W06,13,,3,1.4439,1.485,411.00000000000136,,,Thursday,True,3.0
2008-W07,10,Friday,10,1.4482,1.471,228.00000000000153,True,10.0,,,
2008-W08,6,Friday,8,1.4611,1.4863,251.9999999999989,True,6.0,,,
2008-W12,10,,22,1.5397,1.5906,508.99999999999943,,,Thursday,True,22.0
2008-W13,23,Wednesday,16,1.5344,1.5861,517.0000000000008,True,23.0,,,
2008-W14,7,,10,1.5511,1.5897,385.99999999999966,,,Thursday,True,10.0
2008-W15,3,Thursday,5,1.5628,1.5917,288.99999999999926,True,3.0,,,
2008-W16,20,Thursday,5,1.5672,1.5986,314.00000000000097,True,20.0,,,
2008-W18,8,,6,1.5362,1.5696,334.00000000000097,,,Friday,True,6.0
2008-W20,2,Friday,11,1.5367,1.5603,236.00000000000065,True,2.0,,,
2008-W21,11,Thursday,2,1.5489,1.5815,325.9999999999996,True,11.0,,,
2008-W24,7,,3,1.5305,1.5846,541.0000000000003,,,Friday,True,3.0
2008-W25,2,Friday,10,1.5347,1.5653,305.9999999999996,True,2.0,,,
2008-W26,11,Friday,16,1.547,1.5794,323.99999999999983,True,11.0,,,
2008-W28,3,Friday,10,1.5614,1.5949,335.00000000000085,True,3.0,,,
2008-W31,8,,9,1.5518,1.5771,252.99999999999878,,,Friday,True,9.0
2008-W32,15,,10,1.5002,1.5633,630.9999999999993,,,Friday,True,10.0
2008-W33,13,,4,1.4659,1.5085,425.9999999999997,,,Friday,True,4.0
2008-W36,6,,17,1.4199,1.4725,525.9999999999998,,,Friday,True,17.0
2008-W37,10,,22,1.3883,1.443,546.9999999999997,,,Thursday,True,22.0
2008-W39,18,Monday,15,1.4439,1.4869,430.0000000000015,True,18.0,,,
2008-W39,18,,15,1.4439,1.4869,430.0000000000015,,,Monday,True,15.0
2008-W40,9,,13,1.3704,1.4571,867.0,,,Friday,True,13.0
2008-W43,5,,2,1.2498,1.3532,1033.9999999999993,,,Friday,True,2.0
2008-W46,2,,6,1.239,1.2929,538.9999999999984,,,Thursday,True,6.0
2008-W48,4,Tuesday,9,1.2569,1.3083,514.0000000000011,True,4.0,,,
2008-W50,18,Friday,8,1.2721,1.3417,695.9999999999989,True,18.0,,,
2008-W51,17,Thursday,4,1.3371,1.4721,1350.0,True,17.0,,,
2008-W52,11,Monday,4,1.3905,1.4127,221.99999999999997,True,11.0,,,
2008-W52,11,,4,1.3905,1.4127,221.99999999999997,,,Monday,True,4.0
2009-W02,7,,19,1.3314,1.3965,651.0000000000016,,,Tuesday,True,19.0
2009-W03,10,,17,1.3028,1.3482,454.0000000000011,,,Thursday,True,17.0
2009-W04,4,,18,1.2766,1.3388,622.0000000000003,,,Friday,True,18.0
2009-W06,3,Wednesday,1,1.2708,1.3073,364.9999999999998,True,3.0,,,
2009-W07,9,,9,1.2724,1.3095,371.0000000000013,,,Thursday,True,9.0
2009-W09,8,,2,1.2605,1.2993,387.99999999999943,,,Friday,True,2.0
2009-W11,8,Friday,4,1.2558,1.2959,401.0000000000002,True,8.0,,,
2009-W12,18,Thursday,11,1.2836,1.374,904.0000000000003,True,18.0,,,
2009-W13,12,,3,1.3259,1.3738,478.9999999999983,,,Friday,True,3.0
2009-W14,12,Thursday,12,1.3115,1.3519,403.9999999999999,True,12.0,,,
2009-W15,19,,21,1.3092,1.3584,492.0000000000013,,,Friday,True,21.0
2009-W16,15,,16,1.3018,1.3396,377.99999999999835,,,Friday,True,16.0
2009-W19,8,Friday,16,1.3215,1.3654,439.0000000000005,True,8.0,,,
2009-W21,21,Friday,13,1.3426,1.4053,626.9999999999998,True,21.0,,,
2009-W24,5,Thursday,13,1.3805,1.4178,372.99999999999886,True,5.0,,,
2009-W26,8,Wednesday,2,1.3827,1.4138,310.99999999999903,True,8.0,,,
2009-W29,2,Thursday,8,1.3897,1.4166,269.0000000000015,True,2.0,,,
2009-W30,17,Thursday,11,1.4095,1.4291,196.00000000000063,True,17.0,,,
2009-W34,10,Friday,10,1.4045,1.4374,328.9999999999993,True,10.0,,,
2009-W37,17,Friday,9,1.43,1.4634,334.00000000000097,True,17.0,,,
2009-W38,1,Thursday,2,1.4514,1.4766,251.9999999999989,True,1.0,,,
2009-W39,9,Wednesday,14,1.4611,1.4842,230.99999999999898,True,9.0,,,
2009-W40,8,,19,1.448,1.472,240.00000000000023,,,Friday,True,19.0
2009-W41,18,Thursday,12,1.4579,1.4816,237.00000000000054,True,18.0,,,
2009-W42,21,Friday,20,1.4678,1.4966,287.9999999999994,True,21.0,,,
2009-W43,20,Friday,20,1.4829,1.506,230.99999999999898,True,20.0,,,
2009-W44,20,,22,1.4683,1.5063,380.00000000000034,,,Thursday,True,22.0
2009-W47,7,,14,1.4801,1.5016,215.00000000000074,,,Friday,True,14.0
2009-W50,11,,0,1.4586,1.4905,319.0000000000004,,,Friday,True,0.0
2009-W51,11,,2,1.4261,1.4685,423.99999999999994,,,Friday,True,2.0
2010-W01,20,Tuesday,2,1.4257,1.4483,225.99999999999955,True,20.0,,,
2010-W04,12,,6,1.3862,1.4194,331.999999999999,,,Friday,True,6.0
2010-W14,4,,21,1.3281,1.3537,255.99999999999847,,,Thursday,True,21.0
2010-W15,11,,0,1.3471,1.3691,220.0000000000002,,,Friday,True,0.0
2010-W18,14,,17,1.2518,1.3359,841.0000000000007,,,Thursday,True,17.0
2010-W19,16,,4,1.2353,1.3092,738.9999999999985,,,Friday,True,4.0
2010-W21,17,,18,1.2153,1.2562,408.9999999999994,,,Thursday,True,18.0
2010-W23,21,Friday,7,1.1875,1.2151,276.0000000000007,True,21.0,,,
2010-W24,18,Friday,3,1.2115,1.2415,300.0000000000003,True,18.0,,,
2010-W25,10,,17,1.2208,1.2467,258.9999999999981,,,Wednesday,True,17.0
2010-W30,18,Thursday,9,1.2876,1.3105,228.9999999999992,True,18.0,,,
2010-W31,18,Friday,10,1.3053,1.3333,280.0000000000002,True,18.0,,,
2010-W32,16,,2,1.2748,1.3307,559.0000000000006,,,Friday,True,2.0
2010-W36,22,,2,1.2644,1.2918,274.0000000000009,,,Friday,True,2.0
2010-W37,17,Friday,3,1.2703,1.3159,456.00000000000085,True,17.0,,,
2010-W38,9,Friday,16,1.3028,1.3495,466.99999999999966,True,9.0,,,
2010-W43,13,,2,1.3733,1.4079,345.99999999999966,,,Wednesday,True,2.0
2010-W44,11,Thursday,9,1.3863,1.4281,417.99999999999835,True,11.0,,,
2010-W45,2,,19,1.3573,1.4085,512.0000000000014,,,Friday,True,19.0
2010-W46,13,,21,1.3446,1.3749,302.99999999999994,,,Tuesday,True,21.0
2010-W47,6,,2,1.3199,1.3785,585.9999999999999,,,Friday,True,2.0
2010-W49,11,,18,1.3163,1.3421,258.00000000000045,,,Thursday,True,18.0
2010-W52,18,Friday,11,1.3071,1.3423,352.0000000000012,True,18.0,,,
2011-W02,7,Friday,3,1.2873,1.3456,582.999999999998,True,7.0,,,
2011-W03,4,Friday,16,1.3244,1.3625,381.0000000000002,True,4.0,,,
2011-W04,6,Thursday,8,1.3539,1.3757,217.99999999999818,True,6.0,,,
2011-W07,8,Friday,14,1.3427,1.3714,286.9999999999995,True,8.0,,,
2011-W09,19,Friday,9,1.371,1.4006,296.0000000000007,True,19.0,,,
2011-W10,5,,6,1.3751,1.4035,283.99999999999983,,,Friday,True,6.0
2011-W13,18,Friday,15,1.402,1.4245,225.00000000000188,True,18.0,,,
2011-W16,11,Thursday,5,1.4156,1.4648,492.0000000000013,True,11.0,,,
2011-W19,12,,4,1.4066,1.4441,374.9999999999987,,,Friday,True,4.0
2011-W20,21,Friday,4,1.4047,1.4344,296.99999999999835,True,21.0,,,
2011-W21,5,Friday,16,1.3968,1.4323,354.99999999999864,True,5.0,,,
2011-W22,2,Friday,14,1.4256,1.4642,385.99999999999966,True,2.0,,,
2011-W26,20,Friday,2,1.4102,1.4551,449.0000000000016,True,20.0,,,
2011-W27,8,,19,1.4205,1.4577,371.999999999999,,,Friday,True,19.0
2011-W29,3,Friday,17,1.4013,1.4437,423.99999999999994,True,3.0,,,
2011-W31,19,,6,1.4054,1.4453,399.00000000000045,,,Friday,True,6.0
2011-W32,8,,17,1.4103,1.4431,327.99999999999943,,,Thursday,True,17.0
2011-W33,17,Wednesday,9,1.4251,1.4516,264.99999999999966,True,17.0,,,
2011-W35,14,,2,1.4183,1.4548,365.000000000002,,,Friday,True,2.0
2011-W37,0,Thursday,9,1.3501,1.3935,433.9999999999988,True,0.0,,,
2011-W39,2,Wednesday,6,1.3361,1.3689,327.99999999999943,True,2.0,,,
2011-W41,19,Friday,10,1.3377,1.3894,517.0000000000008,True,19.0,,,
2011-W42,10,,4,1.3652,1.3914,262.0,,,Tuesday,True,4.0
2011-W44,8,,21,1.3608,1.417,562.0000000000002,,,Tuesday,True,21.0
2011-W46,18,,17,1.3421,1.3809,387.99999999999943,,,Thursday,True,17.0
2011-W49,2,,9,1.32808,1.34857,204.9000000000012,,,Friday,True,9.0
2011-W50,10,,17,1.29455,1.3381,435.4999999999998,,,Wednesday,True,17.0
2011-W51,22,Wednesday,5,1.29823,1.31962,213.9000000000002,True,22.0,,,
2012-W01,10,,19,1.26968,1.32341,537.3000000000005,,,Friday,True,19.0
2012-W03,20,Friday,2,1.26253,1.29855,360.20000000000164,True,20.0,,,
2012-W04,17,Friday,16,1.28754,1.32333,357.89999999999986,True,17.0,,,
2012-W05,2,,17,1.30253,1.32271,201.80000000000086,,,Wednesday,True,17.0
2012-W06,8,Thursday,9,1.30272,1.33203,293.09999999999945,True,8.0,,,
2012-W07,7,,3,1.29736,1.32835,309.8999999999985,,,Thursday,True,3.0
2012-W08,17,Friday,13,1.31727,1.34856,312.9000000000004,True,17.0,,,
2012-W13,5,Tuesday,5,1.31913,1.33846,193.3000000000007,True,5.0,,,
2012-W14,9,,4,1.30345,1.33796,345.1000000000004,,,Thursday,True,4.0
2012-W15,21,Thursday,13,1.30327,1.3212,179.3,True,21.0,,,
2012-W16,2,Friday,16,1.2994,1.32266,232.59999999999837,True,2.0,,,
2012-W17,10,Friday,8,1.3104,1.32695,165.50000000000065,True,10.0,,,
2012-W20,2,,20,1.26415,1.29036,262.09999999999843,,,Friday,True,20.0
2012-W21,9,,15,1.24956,1.2824,328.3999999999998,,,Friday,True,15.0
2012-W22,8,,2,1.22877,1.26238,336.1000000000014,,,Friday,True,2.0
2012-W23,20,Thursday,9,1.23852,1.26246,239.3999999999985,True,20.0,,,
2012-W24,10,,18,1.24419,1.26681,226.20000000000084,,,Tuesday,True,18.0
2012-W25,3,,18,1.25187,1.27471,228.39999999999972,,,Friday,True,18.0
2012-W27,14,,17,1.22595,1.26797,420.1999999999995,,,Friday,True,17.0
2012-W32,9,,19,1.22407,1.24426,201.8999999999993,,,Friday,True,19.0
2012-W34,8,Thursday,11,1.22946,1.25887,294.09999999999934,True,8.0,,,
2012-W38,9,,9,1.29186,1.31709,252.30000000000086,,,Thursday,True,9.0
2012-W39,11,,17,1.28285,1.29903,161.79999999999862,,,Thursday,True,17.0
2012-W40,19,Friday,10,1.28031,1.30708,267.6999999999996,True,19.0,,,
2012-W41,21,,17,1.28248,1.3025,200.19999999999928,,,Thursday,True,17.0
2012-W42,21,Wednesday,11,1.28899,1.31387,248.80000000000013,True,21.0,,,
2012-W43,6,,10,1.2882,1.30828,200.80000000000098,,,Friday,True,10.0
2012-W50,2,Friday,12,1.28852,1.31726,287.39999999999986,True,2.0,,,
2012-W51,2,Wednesday,8,1.31434,1.33075,164.10000000000036,True,2.0,,,
2013-W01,6,,11,1.29968,1.38183,821.4999999999994,,,Friday,True,11.0
2013-W02,4,Friday,9,1.30162,1.33651,348.9000000000009,True,4.0,,,
2013-W03,7,,21,1.32559,1.34031,147.19999999999845,,,Wednesday,True,21.0
2013-W06,12,,17,1.33526,1.36591,306.5000000000007,,,Friday,True,17.0
2013-W09,10,,8,1.29658,1.3318,352.2000000000003,,,Friday,True,8.0
2013-W13,10,,2,1.27505,1.30473,296.7999999999993,,,Wednesday,True,2.0
2013-W15,2,Thursday,7,1.29676,1.31375,169.9000000000006,True,2.0,,,
2013-W18,20,Wednesday,8,1.30312,1.32421,210.90000000000055,True,20.0,,,
2013-W21,20,Wednesday,10,1.28188,1.29973,178.50000000000142,True,20.0,,,
2013-W23,9,Thursday,12,1.29547,1.33049,350.2000000000005,True,9.0,,,
2013-W24,3,Thursday,2,1.31768,1.33894,212.60000000000056,True,3.0,,,
2013-W29,7,Wednesday,8,1.29927,1.31776,184.90000000000117,True,7.0,,,
2013-W30,17,Friday,4,1.31352,1.32962,161.00000000000003,True,17.0,,,
2013-W32,10,Thursday,12,1.32322,1.33995,167.2999999999991,True,10.0,,,
2013-W36,7,,3,1.3104,1.32265,122.50000000000094,,,Friday,True,3.0
2013-W37,17,Thursday,10,1.31626,1.33242,161.5999999999995,True,17.0,,,
2013-W40,2,Thursday,11,1.3477,1.36453,168.30000000000123,True,2.0,,,
2013-W43,9,Friday,0,1.36504,1.38315,181.1000000000007,True,9.0,,,
2013-W44,11,,20,1.34794,1.3817,337.60000000000014,,,Friday,True,20.0
2013-W46,18,Friday,9,1.33439,1.35046,160.70000000000027,True,18.0,,,
2013-W48,10,Friday,22,1.34895,1.36209,131.3999999999993,True,10.0,,,
2013-W50,1,Wednesday,12,1.36935,1.38099,116.39999999999873,True,1.0,,,
2014-W04,19,Friday,6,1.35069,1.37387,231.79999999999978,True,19.0,,,
2014-W05,10,,4,1.34783,1.37159,237.60000000000002,,,Friday,True,4.0
2014-W06,2,Friday,8,1.34763,1.36425,166.19999999999857,True,2.0,,,
2014-W12,10,,10,1.37485,1.39469,198.4000000000008,,,Thursday,True,10.0
2014-W13,5,,13,1.3704,1.38752,171.20000000000024,,,Friday,True,13.0
2014-W15,18,Friday,3,1.36955,1.39047,209.2000000000005,True,18.0,,,
2014-W20,8,,2,1.36476,1.3774,126.39999999999985,,,Thursday,True,2.0
2014-W21,6,,10,1.36149,1.37334,118.49999999999916,,,Friday,True,10.0
2014-W24,5,,2,1.35115,1.36679,156.39999999999876,,,Thursday,True,2.0
2014-W25,3,Thursday,4,1.35124,1.36427,130.30000000000098,True,3.0,,,
2014-W26,5,Wednesday,8,1.35732,1.36505,77.30000000000015,True,5.0,,,
2014-W28,2,Thursday,2,1.35752,1.36499,74.69999999999865,True,2.0,,,
2014-W29,9,,3,1.34902,1.36395,149.29999999999887,,,Friday,True,3.0
2014-W30,12,,0,1.34207,1.35483,127.59999999999883,,,Friday,True,0.0
2014-W32,6,,17,1.33323,1.34319,99.60000000000191,,,Wednesday,True,17.0
2014-W34,10,,23,1.32199,1.33984,178.4999999999992,,,Friday,True,23.0
2014-W40,10,,8,1.24999,1.27141,214.19999999999993,,,Friday,True,8.0
2014-W41,19,Thursday,3,1.25083,1.27905,282.19999999999914,True,19.0,,,
2014-W42,17,Wednesday,9,1.262,1.2886,265.99999999999955,True,17.0,,,
2014-W48,17,Wednesday,10,1.23609,1.25318,170.9000000000005,True,17.0,,,
2014-W49,9,,9,1.22709,1.25066,235.7000000000009,,,Friday,True,9.0
2014-W50,6,Thursday,19,1.2247,1.24952,248.20000000000064,True,6.0,,,
2014-W52,10,,4,1.21648,1.22724,107.60000000000103,,,Tuesday,True,4.0
2015-W02,7,,3,1.17541,1.19763,222.19999999999908,,,Thursday,True,3.0
2015-W03,10,,1,1.146,1.18709,410.9000000000007,,,Friday,True,1.0
2015-W05,18,Tuesday,10,1.10978,1.14225,324.7,True,18.0,,,
2015-W06,1,Tuesday,13,1.12922,1.1534,241.8000000000009,True,1.0,,,
2015-W07,7,Friday,3,1.12702,1.14431,172.90000000000026,True,7.0,,,
2015-W09,9,,17,1.11759,1.13961,220.19999999999928,,,Friday,True,17.0
2015-W10,16,,7,1.08381,1.12395,401.40000000000066,,,Friday,True,7.0
2015-W11,14,,6,1.04623,1.09064,444.1000000000006,,,Friday,True,6.0
2015-W12,17,Wednesday,16,1.04697,1.10385,568.8000000000004,True,17.0,,,
2015-W13,4,Thursday,4,1.07673,1.10521,284.80000000000064,True,4.0,,,
2015-W15,8,,11,1.05677,1.10354,467.69999999999976,,,Friday,True,11.0
2015-W16,7,Friday,6,1.05204,1.08486,328.1999999999985,True,7.0,,,
2015-W18,8,Friday,10,1.08194,1.12899,470.50000000000034,True,8.0,,,
2015-W20,11,Friday,14,1.1131,1.14667,335.700000000001,True,11.0,,,
2015-W21,9,,17,1.10021,1.14494,447.3000000000016,,,Friday,True,17.0
2015-W22,9,,19,1.08192,1.10095,190.30000000000103,,,Wednesday,True,19.0
2015-W23,11,Thursday,4,1.08872,1.13797,492.50000000000017,True,11.0,,,
2015-W24,20,Wednesday,4,1.10841,1.13863,302.20000000000135,True,20.0,,,
2015-W25,1,Thursday,12,1.11891,1.14362,247.1000000000001,True,1.0,,,
2015-W26,11,,11,1.11302,1.14101,279.9000000000018,,,Friday,True,11.0
2015-W27,18,Monday,13,1.0953,1.12785,325.5000000000008,True,18.0,,,
2015-W27,18,,13,1.0953,1.12785,325.5000000000008,,,Monday,True,13.0
2015-W29,16,,2,1.08267,1.11971,370.39999999999964,,,Friday,True,2.0
2015-W30,16,Thursday,8,1.08082,1.10177,209.50000000000023,True,16.0,,,
2015-W31,12,,11,1.08932,1.11294,236.19999999999973,,,Thursday,True,11.0
2015-W32,6,,3,1.0848,1.09958,147.80000000000015,,,Wednesday,True,3.0
2015-W33,7,Wednesday,11,1.09251,1.12138,288.69999999999953,True,7.0,,,
2015-W35,11,,9,1.1156,1.1714,558.0000000000007,,,Friday,True,9.0
2015-W37,2,Friday,14,1.11213,1.13496,228.29999999999905,True,2.0,,,
2015-W39,20,,4,1.1105,1.13299,224.89999999999898,,,Wednesday,True,4.0
2015-W45,8,,8,1.07063,1.10525,346.20000000000095,,,Friday,True,8.0
2015-W50,7,Wednesday,14,1.0796,1.10425,246.5000000000006,True,7.0,,,
2015-W52,17,Tuesday,10,1.0847,1.09841,137.1000000000011,True,17.0,,,
2015-W53,16,,6,1.08527,1.09924,139.7000000000004,,,Thursday,True,6.0
2016-W01,10,,3,1.07106,1.09464,235.80000000000157,,,Tuesday,True,3.0
2016-W04,17,Thursday,13,1.07882,1.09675,179.3,True,17.0,,,
2016-W05,18,Friday,8,1.08149,1.12449,429.99999999999926,True,18.0,,,
2016-W06,8,Thursday,11,1.10864,1.13765,290.0999999999998,True,8.0,,,
2016-W07,8,,17,1.10667,1.12497,182.99999999999983,,,Friday,True,17.0
2016-W08,11,,18,1.09116,1.11244,212.8000000000019,,,Friday,True,18.0
2016-W12,7,,22,1.11442,1.12847,140.5000000000012,,,Thursday,True,22.0
2016-W13,20,Friday,8,1.11528,1.14378,284.9999999999997,True,20.0,,,
2016-W17,17,Friday,11,1.12177,1.14593,241.5999999999996,True,17.0,,,
2016-W21,16,,23,1.11103,1.12428,132.49999999999983,,,Friday,True,23.0
2016-W22,21,Friday,16,1.10977,1.13737,276.0000000000007,True,21.0,,,
2016-W24,10,,10,1.11308,1.13028,171.9999999999988,,,Thursday,True,10.0
2016-W26,8,Friday,9,1.09706,1.11694,198.8000000000012,True,8.0,,,
2016-W28,3,Thursday,8,1.10157,1.11647,149.00000000000136,True,3.0,,,
2016-W29,14,,11,1.09555,1.10841,128.59999999999872,,,Friday,True,11.0
2016-W30,21,Friday,11,1.09519,1.11972,245.29999999999941,True,21.0,,,
2016-W33,20,Thursday,16,1.11533,1.13662,212.90000000000032,True,20.0,,,
2016-W36,9,Thursday,8,1.11391,1.13269,187.80000000000018,True,9.0,,,
2016-W39,8,,11,1.11532,1.1279,125.79999999999814,,,Friday,True,11.0
2016-W40,3,,18,1.11042,1.12432,139.00000000000023,,,Friday,True,18.0
2016-W41,16,,17,1.09687,1.12027,234.00000000000088,,,Friday,True,17.0
2016-W44,11,Friday,16,1.09359,1.11412,205.2999999999994,True,11.0,,,
2016-W46,10,,18,1.05689,1.08396,270.69999999999925,,,Friday,True,18.0
2016-W49,18,Thursday,7,1.05045,1.08732,368.6999999999996,True,18.0,,,
2017-W03,6,Tuesday,6,1.05793,1.07197,140.40000000000052,True,6.0,,,
2017-W05,8,Thursday,8,1.06201,1.08287,208.60000000000102,True,8.0,,,
2017-W06,9,,17,1.06076,1.07912,183.60000000000153,,,Friday,True,17.0
2017-W08,6,,18,1.04937,1.06328,139.10000000000088,,,Wednesday,True,18.0
2017-W09,14,,11,1.04949,1.06305,135.60000000000016,,,Thursday,True,11.0
2017-W13,16,,9,1.065,1.09061,256.10000000000133,,,Friday,True,9.0
2017-W15,7,Thursday,2,1.05697,1.06776,107.90000000000077,True,7.0,,,
2017-W16,18,Thursday,5,1.06024,1.07773,174.90000000000006,True,18.0,,,
2017-W17,22,Wednesday,2,1.08206,1.09507,130.09999999999965,True,22.0,,,
2017-W19,8,,17,1.08391,1.10211,181.99999999999994,,,Thursday,True,17.0
2017-W20,19,Friday,13,1.09225,1.12119,289.39999999999964,True,19.0,,,
2017-W23,9,,18,1.11663,1.12837,117.40000000000083,,,Friday,True,18.0
2017-W25,12,,7,1.11187,1.12127,94.00000000000075,,,Tuesday,True,7.0
2017-W26,7,Thursday,15,1.11717,1.14453,273.60000000000053,True,7.0,,,
2017-W29,3,Friday,13,1.14346,1.16829,248.3000000000013,True,3.0,,,
2017-W31,3,Wednesday,13,1.1723,1.19101,187.10000000000005,True,3.0,,,
2017-W33,7,,3,1.1662,1.18382,176.20000000000192,,,Thursday,True,3.0
2017-W34,3,Friday,15,1.17312,1.19413,210.09999999999974,True,3.0,,,
2017-W37,8,,4,1.18379,1.20294,191.5,,,Thursday,True,4.0
2017-W39,9,,0,1.1717,1.19364,219.40000000000072,,,Wednesday,True,0.0
2017-W40,8,,18,1.16691,1.18147,145.60000000000127,,,Friday,True,18.0
2017-W41,3,Thursday,1,1.17195,1.18796,160.09999999999857,True,3.0,,,
2017-W44,18,Friday,8,1.15937,1.16902,96.49999999999936,True,18.0,,,
2017-W46,3,Wednesday,8,1.16373,1.18606,223.2999999999996,True,3.0,,,
2017-W48,5,,8,1.18088,1.19611,152.30000000000078,,,Thursday,True,8.0
2017-W49,8,,3,1.173,1.18785,148.50000000000028,,,Friday,True,3.0
2017-W51,17,Wednesday,10,1.17371,1.19017,164.5999999999992,True,17.0,,,
2018-W01,0,Thursday,10,1.14213,1.20889,667.5999999999993,True,0.0,,,
2018-W04,1,Thursday,9,1.22138,1.25375,323.7000000000001,True,1.0,,,
2018-W06,12,,4,1.22055,1.24747,269.20000000000056,,,Friday,True,4.0
2018-W07,8,Friday,23,1.22349,1.2555,320.10000000000093,True,8.0,,,
2018-W08,2,,20,1.22597,1.2435,175.30000000000047,,,Thursday,True,20.0
2018-W09,10,,5,1.21544,1.23547,200.29999999999993,,,Thursday,True,5.0
2018-W10,2,Thursday,8,1.2269,1.24458,176.7999999999992,True,2.0,,,
2018-W14,3,,8,1.2215,1.23447,129.69999999999925,,,Friday,True,8.0
2018-W15,3,Wednesday,8,1.22601,1.23958,135.6999999999986,True,3.0,,,
2018-W17,8,,3,1.20552,1.22892,234.00000000000088,,,Friday,True,3.0
2018-W18,9,,2,1.19102,1.21387,228.50000000000037,,,Friday,True,2.0
2018-W19,3,,23,1.18225,1.19776,155.0999999999991,,,Wednesday,True,23.0
2018-W20,10,,9,1.17497,1.1996,246.2999999999993,,,Friday,True,9.0
2018-W22,5,,1,1.151,1.17283,218.30000000000015,,,Tuesday,True,1.0
2018-W27,11,Friday,10,1.1591,1.17671,176.09999999999903,True,11.0,,,
2018-W28,4,,8,1.16126,1.17906,178.00000000000037,,,Friday,True,8.0
2018-W30,8,,21,1.16202,1.17498,129.5999999999986,,,Friday,True,21.0
2018-W34,6,Friday,10,1.13941,1.16395,245.40000000000006,True,6.0,,,
2018-W37,2,Friday,4,1.1526,1.17215,195.49999999999957,True,2.0,,,
2018-W38,3,Friday,3,1.16177,1.18025,184.80000000000052,True,3.0,,,
2018-W39,7,,9,1.15699,1.18148,244.90000000000123,,,Friday,True,9.0
2018-W40,0,,8,1.14632,1.16243,161.10000000000068,,,Thursday,True,8.0
2018-W43,7,,3,1.13355,1.15499,214.39999999999904,,,Friday,True,3.0
2018-W46,16,Friday,16,1.12154,1.142,204.59999999999923,True,16.0,,,
2018-W50,8,,21,1.12696,1.14425,172.90000000000026,,,Friday,True,21.0
2018-W51,17,Thursday,5,1.12967,1.14859,189.20000000000047,True,17.0,,,
2019-W01,17,Wednesday,1,1.11718,1.14967,324.89999999999907,True,17.0,,,
2019-W02,17,Thursday,22,1.13954,1.15697,174.30000000000058,True,17.0,,,
2019-W05,3,Thursday,2,1.139,1.15141,124.10000000000032,True,3.0,,,
2019-W06,16,,21,1.13207,1.14603,139.60000000000196,,,Friday,True,21.0
2019-W09,17,Thursday,6,1.13281,1.14197,91.59999999999835,True,17.0,,,
2019-W10,14,,17,1.11764,1.13826,206.20000000000084,,,Thursday,True,17.0
2019-W11,10,Friday,9,1.12217,1.13443,122.6000000000016,True,10.0,,,
2019-W13,5,,10,1.12098,1.13314,121.59999999999948,,,Friday,True,10.0
2019-W15,17,Friday,9,1.12118,1.13239,112.09999999999943,True,17.0,,,
2019-W17,8,,11,1.11111,1.1262,150.9000000000005,,,Friday,True,11.0
2019-W20,16,,9,1.11551,1.12635,108.39999999999961,,,Friday,True,9.0
2019-W22,9,,23,1.1116,1.12151,99.10000000000085,,,Thursday,True,23.0
2019-W23,2,Friday,10,1.11601,1.13477,187.6000000000011,True,2.0,,,
2019-W27,10,,19,1.12073,1.1371,163.69999999999996,,,Friday,True,19.0
2019-W29,2,,6,1.11997,1.12838,84.10000000000028,,,Wednesday,True,6.0
2019-W30,8,,9,1.11013,1.12253,123.99999999999966,,,Thursday,True,9.0
2019-W32,17,Tuesday,20,1.11033,1.12497,146.39999999999986,True,17.0,,,
2019-W33,8,,11,1.10662,1.12306,164.4000000000001,,,Friday,True,11.0
2019-W35,13,,18,1.09632,1.11639,200.70000000000033,,,Friday,True,18.0
2019-W38,2,,19,1.09901,1.10863,96.19999999999962,,,Tuesday,True,19.0
2019-W39,20,,2,1.09046,1.10253,120.70000000000024,,,Friday,True,2.0
2019-W43,13,,4,1.10729,1.11793,106.39999999999984,,,Friday,True,4.0
2019-W45,12,,2,1.10167,1.11753,158.59999999999985,,,Friday,True,2.0
2019-W48,8,,3,1.09811,1.10321,51.000000000001044,,,Friday,True,3.0
2019-W49,7,Wednesday,10,1.10029,1.11161,113.19999999999996,True,7.0,,,
2019-W50,22,Friday,17,1.10533,1.11995,146.20000000000078,True,22.0,,,
2020-W02,6,,6,1.1085,1.12055,120.49999999999895,,,Friday,True,6.0
2020-W06,12,,17,1.09419,1.10939,152.00000000000102,,,Friday,True,17.0
2020-W07,19,,0,1.08271,1.09574,130.29999999999876,,,Friday,True,0.0
2020-W09,2,Friday,4,1.0805,1.1053,247.99999999999932,True,2.0,,,
2020-W10,19,Sunday,16,1.10362,1.13567,320.4999999999991,True,19.0,,,
2020-W11,11,,20,1.1055,1.14954,440.4000000000008,,,Thursday,True,20.0
2020-W12,14,,4,1.06375,1.12366,599.1000000000013,,,Friday,True,4.0
2020-W13,17,Friday,15,1.06357,1.11473,511.60000000000093,True,17.0,,,
2020-W14,10,,20,1.07727,1.11383,365.6000000000015,,,Friday,True,20.0
2020-W15,9,Friday,12,1.07683,1.09524,184.10000000000036,True,9.0,,,
2020-W17,3,,5,1.07271,1.08967,169.59999999999863,,,Friday,True,5.0
2020-W19,10,,18,1.07665,1.09736,207.09999999999783,,,Thursday,True,18.0
2020-W21,5,Thursday,8,1.07999,1.10083,208.3999999999997,True,5.0,,,
2020-W22,3,Friday,8,1.08706,1.11451,274.4999999999998,True,3.0,,,
2020-W23,6,Friday,2,1.11004,1.13836,283.20000000000124,True,6.0,,,
2020-W26,19,Tuesday,10,1.11684,1.13486,180.19999999999925,True,19.0,,,
2020-W28,17,Thursday,0,1.12411,1.13706,129.50000000000017,True,17.0,,,
2020-W29,4,Wednesday,9,1.13008,1.1452,151.20000000000022,True,4.0,,,
2020-W30,9,Friday,16,1.14023,1.1658,255.6999999999987,True,9.0,,,
2020-W31,17,Friday,2,1.16413,1.19087,267.39999999999986,True,17.0,,,
2020-W32,9,Thursday,2,1.16959,1.1916,220.10000000000085,True,9.0,,,
2020-W39,11,,0,1.16121,1.18717,259.59999999999985,,,Friday,True,0.0
2020-W40,20,Thursday,7,1.1615,1.17696,154.6000000000003,True,20.0,,,
2020-W41,17,Friday,16,1.17053,1.1831,125.6999999999997,True,17.0,,,
2020-W42,10,,1,1.16884,1.18266,138.19999999999942,,,Thursday,True,1.0
2020-W43,2,Wednesday,10,1.17031,1.18807,177.59999999999997,True,2.0,,,
2020-W44,12,,17,1.164,1.18605,220.50000000000125,,,Friday,True,17.0
2020-W46,10,,9,1.17454,1.19199,174.50000000000188,,,Wednesday,True,9.0
2020-W47,8,Tuesday,8,1.18141,1.18937,79.59999999999967,True,8.0,,,
2020-W48,11,Friday,16,1.17997,1.19641,164.4000000000001,True,11.0,,,
2020-W50,12,,9,1.20587,1.21662,107.50000000000037,,,Wednesday,True,9.0
2020-W51,19,Thursday,14,1.21155,1.22726,157.10000000000113,True,19.0,,,
2020-W52,5,Tuesday,7,1.21296,1.2257,127.39999999999974,True,5.0,,,
2020-W53,17,Wednesday,9,1.21811,1.23101,128.99999999999912,True,17.0,,,
2021-W02,16,,17,1.20747,1.22284,153.69999999999885,,,Friday,True,17.0
2021-W03,7,Friday,4,1.20535,1.21894,135.89999999999992,True,7.0,,,
2021-W04,9,,1,1.20585,1.21832,124.69999999999982,,,Wednesday,True,1.0
2021-W05,22,,20,1.19522,1.21363,184.10000000000036,,,Friday,True,20.0
2021-W06,7,Thursday,8,1.20196,1.21494,129.79999999999993,True,7.0,,,
2021-W12,12,,12,1.17617,1.19468,185.10000000000025,,,Thursday,True,12.0
2021-W13,0,,3,1.1704,1.17939,89.89999999999831,,,Wednesday,True,3.0
2021-W14,6,Thursday,12,1.17379,1.19274,189.50000000000023,True,6.0,,,
2021-W15,4,Friday,6,1.1871,1.19946,123.59999999999927,True,4.0,,,
2021-W16,21,Friday,15,1.19424,1.20999,157.49999999999932,True,21.0,,,
2021-W20,1,Wednesday,3,1.21259,1.22451,119.1999999999993,True,1.0,,,
2021-W25,23,Friday,9,1.18476,1.19751,127.5000000000004,True,23.0,,,
2021-W26,8,,3,1.1807,1.19444,137.39999999999864,,,Friday,True,3.0
2021-W28,20,,21,1.17717,1.18802,108.50000000000026,,,Wednesday,True,21.0
2021-W30,20,Friday,5,1.17632,1.19085,145.29999999999933,True,20.0,,,
2021-W33,9,,18,1.16638,1.18007,136.8999999999998,,,Friday,True,18.0
2021-W34,18,Friday,10,1.16925,1.18022,109.70000000000147,True,18.0,,,
2021-W35,9,Friday,8,1.17827,1.1909,126.3000000000014,True,9.0,,,
2021-W36,10,,19,1.18019,1.18862,84.29999999999937,,,Wednesday,True,19.0
2021-W39,12,,17,1.15624,1.17261,163.69999999999996,,,Thursday,True,17.0
2021-W40,6,,8,1.15291,1.164,110.89999999999822,,,Wednesday,True,8.0
2021-W42,2,Tuesday,5,1.15717,1.16693,97.59999999999991,True,2.0,,,
2021-W46,8,,21,1.12499,1.14638,213.9000000000002,,,Friday,True,21.0
2021-W51,18,Friday,5,1.12344,1.13433,108.90000000000066,True,18.0,,,
2022-W01,7,,18,1.12721,1.13782,106.10000000000008,,,Tuesday,True,18.0
2022-W02,9,Friday,0,1.12847,1.14827,197.99999999999818,True,9.0,,,
2022-W03,20,,3,1.13009,1.14344,133.49999999999972,,,Friday,True,3.0
2022-W04,3,,18,1.11213,1.1345,223.70000000000002,,,Friday,True,18.0
2022-W05,18,Friday,6,1.1138,1.14837,345.6999999999999,True,18.0,,,
2022-W07,14,Wednesday,14,1.12799,1.13957,115.79999999999924,True,14.0,,,
2022-W08,11,,3,1.11062,1.13905,284.29999999999956,,,Thursday,True,3.0
2022-W09,8,,11,1.08856,1.12464,360.8000000000011,,,Friday,True,11.0
2022-W10,5,Thursday,7,1.08059,1.11212,315.3000000000006,True,5.0,,,
2022-W11,21,Thursday,12,1.09005,1.11375,237.00000000000054,True,21.0,,,
2022-W12,2,,4,1.09608,1.10701,109.30000000000106,,,Tuesday,True,4.0
2022-W13,4,Thursday,21,1.09446,1.11848,240.1999999999993,True,4.0,,,
2022-W14,9,,21,1.08364,1.10544,218.00000000000043,,,Friday,True,21.0
2022-W15,9,,6,1.07575,1.09332,175.70000000000084,,,Thursday,True,6.0
2022-W17,8,,18,1.0471,1.08153,344.30000000000183,,,Thursday,True,18.0
2022-W19,9,,12,1.03496,1.05924,242.79999999999856,,,Friday,True,12.0
2022-W20,23,Thursday,13,1.03889,1.0607,218.09999999999886,True,23.0,,,
2022-W21,17,Friday,21,1.05552,1.0765,209.79999999999998,True,17.0,,,
2022-W22,11,,13,1.06271,1.07867,159.59999999999974,,,Wednesday,True,13.0
2022-W26,10,,11,1.03658,1.0615,249.20000000000053,,,Friday,True,11.0
2022-W27,3,,7,1.0072,1.04627,390.69999999999936,,,Friday,True,7.0
2022-W28,9,,18,0.99521,1.01834,231.29999999999984,,,Thursday,True,18.0
2022-W29,18,Thursday,8,1.00785,1.02781,199.59999999999977,True,18.0,,,
2022-W30,12,,7,1.00966,1.02578,161.19999999999914,,,Wednesday,True,7.0
2022-W32,20,Wednesday,11,1.0159,1.03685,209.50000000000023,True,20.0,,,
2022-W33,15,,21,1.00318,1.02682,236.40000000000106,,,Friday,True,21.0
2022-W37,3,,3,0.99448,1.01977,252.90000000000035,,,Friday,True,3.0
2022-W43,5,Thursday,19,0.98067,1.00934,286.6999999999986,True,5.0,,,
2022-W45,17,Friday,14,0.99001,1.0364,463.90000000000043,True,17.0,,,
2022-W46,7,Tuesday,8,1.02713,1.04808,209.499999999998,True,7.0,,,
2022-W47,12,Thursday,23,1.02227,1.04484,225.6999999999998,True,12.0,,,
2022-W49,2,,7,1.04431,1.05948,151.69999999999905,,,Wednesday,True,7.0
2022-W50,20,Thursday,9,1.05057,1.07361,230.3999999999995,True,20.0,,,
2022-W52,19,Friday,13,1.05979,1.07131,115.19999999999975,True,19.0,,,
2023-W01,8,,20,1.04823,1.07087,226.39999999999992,,,Friday,True,20.0
2023-W02,17,Friday,19,1.06381,1.08679,229.8,True,17.0,,,
2023-W06,12,,23,1.06661,1.07987,132.6000000000005,,,Friday,True,23.0
2023-W08,9,,3,1.05359,1.07044,168.5000000000003,,,Friday,True,3.0
2023-W09,1,Wednesday,8,1.05328,1.06913,158.4999999999992,True,1.0,,,
2023-W12,3,Thursday,1,1.06311,1.09296,298.4999999999993,True,3.0,,,
2023-W13,3,Thursday,9,1.07449,1.09262,181.29999999999978,True,3.0,,,
2023-W14,23,Tuesday,11,1.07882,1.09701,181.9000000000015,True,23.0,,,
2023-W15,11,Friday,2,1.08373,1.10758,238.49999999999926,True,11.0,,,
2023-W16,13,Monday,3,1.09116,1.09997,88.09999999999985,True,13.0,,,
2023-W16,13,,3,1.09116,1.09997,88.09999999999985,,,Monday,True,3.0
2023-W19,16,,4,1.08476,1.10535,205.90000000000109,,,Friday,True,4.0
2023-W21,11,,21,1.07018,1.08298,128.00000000000145,,,Friday,True,21.0
2023-W24,22,Friday,7,1.0733,1.09658,232.8000000000019,True,22.0,,,
2023-W28,8,Friday,5,1.09434,1.12448,301.39999999999833,True,8.0,,,
2023-W30,3,,3,1.09435,1.11469,203.40000000000026,,,Friday,True,3.0
2023-W31,4,,10,1.09122,1.10458,133.59999999999818,,,Thursday,True,10.0
2023-W33,8,,4,1.0845,1.096,115.00000000000065,,,Friday,True,4.0
2023-W36,8,,7,1.06861,1.08087,122.59999999999937,,,Thursday,True,7.0
2023-W39,14,,20,1.0488,1.06555,167.50000000000043,,,Wednesday,True,20.0
2023-W42,17,Thursday,12,1.05025,1.06163,113.80000000000167,True,17.0,,,
2023-W45,2,,3,1.0656,1.07562,100.19999999999918,,,Friday,True,3.0
2023-W46,8,Friday,16,1.0665,1.09148,249.8,True,8.0,,,
2023-W49,8,,18,1.07236,1.08948,171.20000000000024,,,Friday,True,18.0
2023-W50,11,Thursday,12,1.07415,1.10092,267.6999999999996,True,11.0,,,
2023-W51,18,Friday,10,1.0892,1.10401,148.0999999999999,True,18.0,,,
2023-W52,19,Thursday,4,1.09933,1.11394,146.1000000000001,True,19.0,,,
2024-W03,10,,22,1.08445,1.09675,122.99999999999977,,,Wednesday,True,22.0
2024-W07,3,,2,1.06949,1.08055,110.59999999999847,,,Wednesday,True,2.0
2024-W10,17,Friday,8,1.0835,1.09812,146.20000000000078,True,17.0,,,
2024-W17,9,Friday,4,1.06239,1.07527,128.8,True,9.0,,,
2024-W19,7,,8,1.07239,1.07907,66.8000000000002,,,Thursday,True,8.0
2024-W20,22,Thursday,20,1.07658,1.08949,129.09999999999977,True,22.0,,,
2024-W21,14,,2,1.08048,1.08844,79.59999999999967,,,Thursday,True,2.0
2024-W26,9,,10,1.0666,1.07463,80.29999999999981,,,Wednesday,True,10.0
2024-W28,17,Friday,15,1.07998,1.09113,111.49999999999993,True,17.0,,,
2024-W30,3,,19,1.08256,1.09027,77.10000000000106,,,Wednesday,True,19.0
2024-W32,9,,8,1.08814,1.10088,127.39999999999974,,,Thursday,True,8.0
2024-W33,18,Wednesday,10,1.091,1.10473,137.3000000000002,True,18.0,,,
2024-W34,19,Friday,14,1.10227,1.12008,178.09999999999883,True,19.0,,,
2024-W35,12,,20,1.10438,1.12015,157.7000000000006,,,Friday,True,20.0
2024-W39,4,Wednesday,9,1.10831,1.1214,130.90000000000046,True,4.0,,,
2024-W40,12,,4,1.09512,1.12089,257.6999999999985,,,Friday,True,4.0
2024-W42,9,,5,1.0811,1.09366,125.60000000000127,,,Thursday,True,5.0
2024-W43,8,,18,1.07612,1.08717,110.50000000000004,,,Wednesday,True,18.0
2024-W46,6,,20,1.0496,1.07277,231.69999999999914,,,Thursday,True,20.0
2024-W49,11,Friday,8,1.04607,1.06298,169.0999999999998,True,11.0,,,
2024-W50,2,,11,1.04531,1.05944,141.29999999999976,,,Friday,True,11.0
2024-W52,12,,23,1.03835,1.04452,61.69999999999787,,,Tuesday,True,23.0
2025-W01,11,,4,1.02237,1.1789,1565.3000000000006,,,Thursday,True,4.0
2025-W02,8,,8,1.02127,1.04367,224.000000000002,,,Friday,True,8.0
2025-W03,4,Wednesday,8,1.01772,1.03544,177.1999999999996,True,4.0,,,
2025-W04,18,Friday,12,1.02663,1.05213,255.0000000000008,True,18.0,,,
2025-W05,16,,8,1.03496,1.0533,183.39999999999802,,,Friday,True,8.0
2025-W06,19,Wednesday,10,1.02103,1.04424,232.09999999999954,True,19.0,,,
2025-W07,17,Friday,9,1.02839,1.0514,230.09999999999974,True,17.0,,,
2025-W08,12,,20,1.04009,1.05062,105.3000000000015,,,Wednesday,True,20.0
2025-W10,3,Friday,8,1.03883,1.08884,500.1000000000011,True,3.0,,,
2025-W11,3,Tuesday,13,1.08051,1.09471,141.99999999999991,True,3.0,,,
2025-W13,17,,3,1.07328,1.08579,125.10000000000021,,,Thursday,True,3.0
2025-W15,17,Friday,4,1.08792,1.14736,594.3999999999994,True,17.0,,,
2025-W16,12,,3,1.12639,1.14244,160.49999999999898,,,Tuesday,True,3.0
2025-W17,18,,5,1.13077,1.15729,265.1999999999988,,,Wednesday,True,5.0
2025-W18,11,,15,1.12657,1.14248,159.0999999999987,,,Thursday,True,15.0
2025-W20,14,Wednesday,5,1.10651,1.12655,200.39999999999836,True,14.0,,,
2025-W21,18,Friday,7,1.11711,1.13754,204.29999999999947,True,18.0,,,
2025-W22,19,,22,1.12103,1.14185,208.2000000000006,,,Thursday,True,22.0
2025-W23,17,Thursday,9,1.13435,1.14948,151.30000000000086,True,17.0,,,
2025-W25,2,,10,1.14461,1.16147,168.60000000000096,,,Thursday,True,10.0
2025-W26,5,Friday,9,1.14533,1.17539,300.59999999999974,True,5.0,,,
2025-W27,8,Tuesday,5,1.17075,1.18298,122.29999999999963,True,8.0,,,
2025-W28,10,,20,1.16623,1.17901,127.79999999999791,,,Thursday,True,20.0
2025-W30,22,Thursday,10,1.16145,1.17887,174.1999999999999,True,22.0,,,
2025-W31,8,,20,1.13915,1.177,378.4999999999994,,,Friday,True,20.0
2025-W33,11,Wednesday,5,1.159,1.17301,140.1000000000008,True,11.0,,,
2025-W35,7,,17,1.1574,1.17259,151.90000000000038,,,Wednesday,True,17.0
2025-W38,2,Wednesday,14,1.1716,1.19186,202.59999999999945,True,2.0,,,
2025-W41,14,,22,1.1542,1.17307,188.70000000000164,,,Thursday,True,22.0
2025-W43,8,,1,1.15767,1.16753,98.5999999999998,,,Wednesday,True,1.0
2025-W46,12,Thursday,12,1.15409,1.16559,114.99999999999844,True,12.0,,,
2025-W47,11,,18,1.14909,1.16244,133.49999999999972,,,Friday,True,18.0
2025-W48,19,Thursday,21,1.15018,1.16132,111.39999999999928,True,19.0,,,
2025-W49,22,Thursday,3,1.15893,1.16819,92.60000000000046,True,22.0,,,
2025-W52,18,Wednesday,21,1.17058,1.18079,102.10000000000052,True,18.0,,,
