week_key,case,monday_low,monday_high,monday_close,monday_range,week_range,tuesday_close,tuesday_return_pips,tuesday_direction,week_low_price,week_high_price,confirms_bullish,confirms_bearish
2000-W23,LOTW_Monday,0.9416,0.949,0.9483,73.99999999999962,288.00000000000045,0.9549,65.99999999999939,UP,0.9416,0.9704,True,
2000-W24,LOTW_Monday,0.9494,0.9562,0.9542,68.00000000000028,166.99999999999937,0.9599,56.999999999999275,UP,0.9494,0.9661,True,
2000-W25,HOTW_Monday,0.9567,0.9694,0.9569,127.00000000000044,352.0000000000001,0.955,-19.000000000000128,DOWN,0.9342,0.9694,,True
2000-W26,LOTW_Monday,0.9299,0.9399,0.937,100.00000000000009,305.00000000000085,0.9463,92.99999999999974,UP,0.9299,0.9604,True,
2000-W29,HOTW_Monday,0.9342,0.9402,0.9372,60.00000000000006,209.00000000000028,0.9251,-121.0,DOWN,0.9193,0.9402,,True
2000-W31,HOTW_Monday,0.9224,0.9295,0.9271,70.99999999999996,297.9999999999994,0.9148,-123.00000000000088,DOWN,0.8997,0.9295,,True
2000-W33,LOTW_Monday,0.9007,0.907,0.9063,63.00000000000083,177.00000000000048,0.9138,74.99999999999952,UP,0.9007,0.9184,True,
2000-W34,HOTW_Monday,0.9013,0.9079,0.9018,66.0000000000005,167.00000000000048,0.8966,-52.00000000000094,DOWN,0.8912,0.9079,,True
2000-W35,HOTW_Monday,0.8988,0.9045,0.9003,56.999999999999275,203.99999999999974,0.8924,-79.00000000000018,DOWN,0.8841,0.9045,,True
2000-W36,HOTW_Monday,0.8987,0.904,0.8996,52.999999999999716,401.0000000000002,0.8897,-98.99999999999909,DOWN,0.8639,0.904,,True
2000-W37,HOTW_Monday,0.8571,0.8726,0.8576,155.00000000000068,199.00000000000028,0.8644,67.99999999999918,UP,0.8527,0.8726,,False
2000-W39,LOTW_Monday,0.8713,0.883,0.8754,117.00000000000044,172.99999999999983,0.8829,75.00000000000063,UP,0.8713,0.8886,True,
2000-W40,HOTW_Monday,0.8763,0.8861,0.8774,98.00000000000031,189.00000000000028,0.8761,-12.999999999999678,DOWN,0.8672,0.8861,,True
2000-W45,HOTW_Monday,0.8548,0.8734,0.8622,185.9999999999995,212.99999999999986,0.8601,-20.999999999999908,DOWN,0.8521,0.8734,,True
2000-W46,HOTW_Monday,0.856,0.8667,0.8572,107.00000000000043,191.99999999999994,0.8581,9.000000000000119,UP,0.8475,0.8667,,False
2000-W48,LOTW_Monday,0.839,0.8527,0.8526,137.00000000000045,404.99999999999983,0.8567,40.99999999999993,UP,0.839,0.8795,True,
2000-W49,LOTW_Monday,0.8759,0.8933,0.8875,173.99999999999972,216.9999999999994,0.8799,-75.9999999999994,DOWN,0.8759,0.8976,False,
2001-W01,LOTW_Monday,0.883,0.9011,0.8911,181.00000000000006,768.9999999999997,0.9513,602.0000000000003,UP,0.883,0.9599,True,
2001-W02,HOTW_Monday,0.9468,0.9595,0.9472,127.00000000000044,230.0000000000002,0.944,-32.00000000000092,DOWN,0.9365,0.9595,,True
2001-W06,HOTW_Monday,0.9366,0.9439,0.9378,72.99999999999973,303.99999999999983,0.9316,-61.99999999999983,DOWN,0.9135,0.9439,,True
2001-W09,LOTW_Monday,0.9083,0.9189,0.9102,106.00000000000054,300.0000000000003,0.9189,87.00000000000041,UP,0.9083,0.9383,True,
2001-W11,HOTW_Monday,0.926,0.9342,0.9282,81.99999999999986,427.00000000000074,0.9152,-130.0000000000001,DOWN,0.8915,0.9342,,True
2001-W14,LOTW_Monday,0.8745,0.8837,0.8801,91.99999999999986,345.99999999999966,0.8979,178.00000000000037,UP,0.8745,0.9091,True,
2001-W15,HOTW_Monday,0.8966,0.9051,0.8972,85.00000000000063,237.00000000000054,0.8891,-80.99999999999996,DOWN,0.8814,0.9051,,True
2001-W17,HOTW_Monday,0.8948,0.9083,0.8982,134.99999999999957,191.99999999999994,0.8942,-40.000000000000036,DOWN,0.8891,0.9083,,True
2001-W18,LOTW_Monday,0.8854,0.8928,0.8873,74.00000000000074,156.00000000000057,0.8935,61.99999999999983,UP,0.8854,0.901,True,
2001-W19,HOTW_Monday,0.8902,0.8937,0.8909,35.00000000000058,199.00000000000028,0.8852,-57.000000000000384,DOWN,0.8738,0.8937,,True
2001-W20,LOTW_Monday,0.8728,0.8761,0.8743,32.999999999999694,154.99999999999957,0.8789,46.00000000000048,UP,0.8728,0.8883,True,
2001-W21,HOTW_Monday,0.8743,0.8819,0.8775,76.00000000000051,322.00000000000006,0.865,-124.99999999999956,DOWN,0.8497,0.8819,,True
2001-W24,LOTW_Monday,0.8414,0.8542,0.8435,127.99999999999923,262.0,0.854,104.99999999999955,UP,0.8414,0.8676,True,
2001-W25,HOTW_Monday,0.8577,0.8644,0.8613,66.99999999999929,146.99999999999935,0.8535,-77.99999999999918,DOWN,0.8497,0.8644,,True
2001-W27,HOTW_Monday,0.8445,0.8508,0.8471,62.99999999999972,154.99999999999957,0.8481,10.000000000000009,UP,0.8353,0.8508,,False
2001-W28,LOTW_Monday,0.8449,0.8516,0.851,67.0000000000004,196.00000000000063,0.8552,41.999999999999815,UP,0.8449,0.8645,True,
2001-W30,LOTW_Monday,0.8657,0.8717,0.869,60.00000000000006,169.00000000000026,0.8748,58.00000000000027,UP,0.8657,0.8826,True,
2001-W31,LOTW_Monday,0.8726,0.8775,0.8746,48.99999999999905,148.99999999999915,0.8761,14.999999999999458,UP,0.8726,0.8875,True,
2001-W33,LOTW_Monday,0.8925,0.901,0.8966,85.00000000000063,278.00000000000045,0.9034,68.00000000000028,UP,0.8925,0.9203,True,
2001-W36,HOTW_Monday,0.9071,0.9104,0.9079,32.999999999999694,275.9999999999996,0.8886,-193.00000000000094,DOWN,0.8828,0.9104,,True
2001-W38,HOTW_Monday,0.9175,0.9336,0.9241,161.00000000000003,245.99999999999955,0.9275,33.99999999999959,UP,0.909,0.9336,,False
2001-W40,LOTW_Monday,0.9065,0.9181,0.9176,116.00000000000054,170.00000000000014,0.9192,16.00000000000046,UP,0.9065,0.9235,True,
2001-W41,HOTW_Monday,0.917,0.9244,0.9213,73.99999999999962,140.0000000000001,0.9127,-86.00000000000053,DOWN,0.9104,0.9244,,True
2001-W42,HOTW_Monday,0.9067,0.914,0.9091,73.00000000000084,144.0000000000008,0.9086,-5.0000000000005596,DOWN,0.8996,0.914,,True
2001-W43,HOTW_Monday,0.8897,0.9005,0.8923,107.9999999999992,132.99999999999977,0.8908,-14.999999999999458,DOWN,0.8872,0.9005,,True
2001-W44,LOTW_Monday,0.8924,0.9054,0.9053,130.0000000000001,180.00000000000017,0.9047,-6.000000000000449,DOWN,0.8924,0.9104,False,
2001-W46,HOTW_Monday,0.8916,0.9019,0.8948,103.00000000000087,244.00000000000088,0.8806,-141.99999999999991,DOWN,0.8775,0.9019,,True
2001-W47,HOTW_Monday,0.8769,0.8855,0.879,85.9999999999994,97.9999999999992,0.8836,46.00000000000048,UP,0.8757,0.8855,,False
2001-W50,LOTW_Monday,0.8845,0.8918,0.891,73.00000000000084,223.00000000000097,0.8934,23.999999999999577,UP,0.8845,0.9068,True,
2001-W51,HOTW_Monday,0.9019,0.915,0.9024,131.0,195.00000000000074,0.9034,10.000000000000009,UP,0.8955,0.915,,False
2001-W52,LOTW_Monday,0.8745,0.8912,0.8774,166.99999999999937,166.99999999999937,,,N/A,0.8745,0.8912,False,
2002-W03,HOTW_Monday,0.8917,0.8956,0.8948,38.999999999999034,148.99999999999915,0.8827,-121.0,DOWN,0.8807,0.8956,,True
2002-W05,LOTW_Monday,0.8577,0.8744,0.8626,166.99999999999937,166.99999999999937,0.8659,32.999999999999694,UP,0.8577,0.8744,True,
2002-W06,LOTW_Monday,0.8608,0.871,0.8706,101.99999999999987,120.00000000000011,0.8673,-33.00000000000081,DOWN,0.8608,0.8728,False,
2002-W09,HOTW_Monday,0.869,0.8758,0.8691,68.00000000000028,140.0000000000001,0.8642,-49.000000000000156,DOWN,0.8618,0.8758,,True
2002-W10,LOTW_Monday,0.8635,0.8716,0.8697,80.99999999999996,144.99999999999957,0.8718,20.999999999999908,UP,0.8635,0.878,True,
2002-W12,LOTW_Monday,0.8785,0.8831,0.8829,46.00000000000048,77.0000000000004,0.8829,0.0,DOWN,0.8785,0.8862,False,
2002-W14,LOTW_Monday,0.8714,0.8823,0.8808,109.00000000000021,118.00000000000033,0.8795,-13.000000000000789,DOWN,0.8714,0.8832,False,
2002-W15,LOTW_Monday,0.8738,0.8795,0.8749,56.999999999999275,89.00000000000018,0.8807,58.00000000000027,UP,0.8738,0.8827,True,
2002-W16,LOTW_Monday,0.8791,0.8824,0.8796,32.999999999999694,124.99999999999956,0.8831,34.999999999999474,UP,0.8791,0.8916,True,
2002-W20,HOTW_Monday,0.9099,0.9168,0.9116,68.99999999999906,169.99999999999903,0.9026,-90.00000000000009,DOWN,0.8998,0.9168,,True
2002-W22,LOTW_Monday,0.9186,0.9223,0.92,37.00000000000037,184.00000000000082,0.9288,87.99999999999919,UP,0.9186,0.937,True,
2002-W23,LOTW_Monday,0.9306,0.9414,0.941,108.00000000000031,148.00000000000034,0.9395,-14.999999999999458,DOWN,0.9306,0.9454,False,
2002-W24,LOTW_Monday,0.9392,0.9486,0.9446,93.99999999999964,115.99999999999943,0.9485,39.00000000000014,UP,0.9392,0.9508,True,
2002-W25,LOTW_Monday,0.9414,0.9468,0.9443,53.9999999999996,171.99999999999994,0.952,76.99999999999929,UP,0.9414,0.9586,True,
2002-W27,HOTW_Monday,0.9863,0.9975,0.9913,112.000000000001,222.00000000000108,0.9863,-50.00000000000004,DOWN,0.9753,0.9975,,True
2002-W28,LOTW_Monday,0.9745,0.9908,0.9905,162.9999999999998,225.99999999999955,0.9937,31.999999999999808,UP,0.9745,0.9971,True,
2002-W29,LOTW_Monday,0.9926,1.0091,1.0038,165.0000000000007,277.9999999999994,1.012,81.99999999999986,UP,0.9926,1.0204,True,
2002-W30,HOTW_Monday,1.0056,1.0129,1.0089,72.99999999999862,281.9999999999989,0.9889,-199.99999999999906,DOWN,0.9847,1.0129,,True
2002-W32,HOTW_Monday,0.9801,0.9879,0.9802,78.00000000000028,254.99999999999966,0.9665,-136.99999999999935,DOWN,0.9624,0.9879,,True
2002-W33,LOTW_Monday,0.9697,0.9802,0.9793,104.99999999999955,198.0000000000004,0.9838,45.0000000000006,UP,0.9697,0.9895,True,
2002-W34,HOTW_Monday,0.9752,0.9874,0.9765,122.000000000001,208.0000000000004,0.9792,26.999999999999247,UP,0.9666,0.9874,,False
2002-W35,LOTW_Monday,0.9689,0.9741,0.9721,51.99999999999982,199.00000000000028,0.9833,111.99999999999987,UP,0.9689,0.9888,True,
2002-W36,LOTW_Monday,0.98,0.9848,0.9843,48.00000000000026,191.99999999999994,0.9968,125.00000000000067,UP,0.98,0.9992,True,
2002-W39,HOTW_Monday,0.9754,0.986,0.9783,105.99999999999943,128.00000000000034,0.9816,33.00000000000081,UP,0.9732,0.986,,False
2002-W42,HOTW_Monday,0.9856,0.9892,0.9871,35.99999999999937,192.99999999999983,0.9818,-52.999999999999716,DOWN,0.9699,0.9892,,True
2002-W43,LOTW_Monday,0.9689,0.9765,0.9737,76.00000000000051,113.99999999999966,0.9779,41.999999999999815,UP,0.9689,0.9803,True,
2002-W44,LOTW_Monday,0.973,0.985,0.9848,120.00000000000011,277.9999999999994,0.9832,-16.00000000000046,DOWN,0.973,1.0008,False,
2002-W45,LOTW_Monday,0.9935,0.9983,0.9981,47.999999999999154,212.99999999999875,1.0001,20.000000000000018,UP,0.9935,1.0148,True,
2002-W46,HOTW_Monday,1.0094,1.0173,1.0108,79.00000000000018,157.00000000000048,1.0127,19.000000000000128,UP,1.0016,1.0173,,False
2002-W48,HOTW_Monday,0.9895,0.9972,0.9922,76.99999999999929,91.99999999999986,0.9936,14.000000000000679,UP,0.988,0.9972,,False
2002-W49,LOTW_Monday,0.9863,0.9983,0.9975,120.00000000000011,265.99999999999955,0.9967,-8.00000000000023,DOWN,0.9863,1.0129,False,
2002-W51,LOTW_Monday,1.0196,1.0251,1.023,54.99999999999838,141.0,1.0284,54.00000000000071,UP,1.0196,1.0337,True,
2002-W52,LOTW_Monday,1.0218,1.0319,1.0264,100.99999999999997,225.99999999999955,1.0306,41.999999999999815,UP,1.0218,1.0444,True,
2003-W05,HOTW_Monday,1.0784,1.091,1.0852,125.99999999999945,184.9999999999996,1.0829,-22.999999999999687,DOWN,1.0725,1.091,,True
2003-W06,LOTW_Monday,1.0694,1.0795,1.0789,100.99999999999997,245.00000000000188,1.0891,101.99999999999987,UP,1.0694,1.0939,True,
2003-W09,LOTW_Monday,1.071,1.0808,1.0801,98.00000000000031,128.00000000000145,1.0764,-37.00000000000037,DOWN,1.071,1.0838,False,
2003-W10,LOTW_Monday,1.077,1.0903,1.0896,133.0000000000009,300.0000000000003,1.0889,-6.999999999999229,DOWN,1.077,1.107,False,
2003-W12,HOTW_Monday,1.0591,1.0845,1.0624,254.00000000000088,340.0000000000003,1.0635,10.999999999998789,UP,1.0505,1.0845,,False
2003-W13,LOTW_Monday,1.0568,1.0678,1.0641,110.00000000000121,235.00000000000077,1.0657,16.00000000000046,UP,1.0568,1.0803,True,
2003-W15,LOTW_Monday,1.0563,1.0706,1.0698,142.9999999999998,268.99999999999926,1.0708,9.999999999998899,UP,1.0563,1.0832,True,
2003-W16,LOTW_Monday,1.0719,1.0815,1.0772,95.99999999999831,260.0000000000002,1.0801,29.000000000001247,UP,1.0719,1.0979,True,
2003-W17,LOTW_Monday,1.0824,1.0905,1.0872,80.99999999999996,228.9999999999992,1.097,98.00000000000031,UP,1.0824,1.1053,True,
2003-W19,LOTW_Monday,1.1206,1.1307,1.1292,100.99999999999997,333.99999999999875,1.143,138.00000000000034,UP,1.1206,1.154,True,
2003-W20,HOTW_Monday,1.1527,1.1626,1.1561,99.0000000000002,253.000000000001,1.1529,-31.999999999998696,DOWN,1.1373,1.1626,,True
2003-W24,LOTW_Monday,1.1658,1.1791,1.1714,133.0000000000009,221.00000000000009,1.1675,-39.00000000000014,DOWN,1.1658,1.1879,False,
2003-W25,HOTW_Monday,1.182,1.1933,1.1828,113.00000000000088,379.00000000000045,1.1783,-45.000000000001705,DOWN,1.1554,1.1933,,True
2003-W27,LOTW_Monday,1.1403,1.152,1.1508,116.99999999999821,208.99999999999918,1.1565,57.000000000000384,UP,1.1403,1.1612,True,
2003-W28,HOTW_Monday,1.1317,1.149,1.1318,173.00000000000094,230.0000000000013,1.1319,0.9999999999998899,UP,1.126,1.149,,False
2003-W30,LOTW_Monday,1.1245,1.1361,1.1356,116.00000000000054,306.9999999999995,1.1328,-27.999999999999137,DOWN,1.1245,1.1552,False,
2003-W32,LOTW_Monday,1.1263,1.1378,1.1361,114.99999999999844,164.9999999999996,1.139,28.999999999999027,UP,1.1263,1.1428,True,
2003-W33,LOTW_Monday,1.1267,1.1382,1.1363,115.00000000000065,115.00000000000065,1.136,-3.00000000000189,DOWN,1.1267,1.1382,False,
2003-W34,HOTW_Monday,1.1128,1.1273,1.115,144.99999999999957,433.9999999999988,1.1142,-7.999999999999119,DOWN,1.0839,1.1273,,True
2003-W37,LOTW_Monday,1.105,1.1131,1.1068,80.99999999999996,276.0000000000007,1.1228,160.00000000000014,UP,1.105,1.1326,True,
2003-W39,LOTW_Monday,1.1416,1.1507,1.1464,91.00000000000108,122.99999999999977,1.1445,-19.000000000000128,DOWN,1.1416,1.1539,False,
2003-W40,LOTW_Monday,1.1397,1.1603,1.1599,206.00000000000173,375.0000000000009,1.166,60.99999999999994,UP,1.1397,1.1772,True,
2003-W41,LOTW_Monday,1.1537,1.1723,1.1712,185.9999999999995,323.99999999999983,1.1762,49.999999999998934,UP,1.1537,1.1861,True,
2003-W42,HOTW_Monday,1.1655,1.1823,1.1708,167.99999999999926,276.99999999999835,1.1723,14.999999999998348,UP,1.1546,1.1823,,False
2003-W43,LOTW_Monday,1.1607,1.1739,1.1639,131.99999999999878,252.99999999999878,1.1669,30.000000000001137,UP,1.1607,1.186,True,
2003-W44,HOTW_Monday,1.1723,1.179,1.1747,67.0000000000015,186.99999999999937,1.1672,-75.00000000000063,DOWN,1.1603,1.179,,True
2003-W45,HOTW_Monday,1.1429,1.1621,1.1462,191.99999999999883,242.0,1.1497,34.999999999998366,UP,1.1379,1.1621,,False
2003-W47,LOTW_Monday,1.173,1.1851,1.1752,121.0,251.9999999999989,1.1975,222.99999999999986,UP,1.173,1.1982,True,
2003-W49,LOTW_Monday,1.194,1.2044,1.1979,103.99999999999964,239.0000000000003,1.2083,103.99999999999964,UP,1.194,1.2179,True,
2003-W51,LOTW_Monday,1.2137,1.2326,1.2326,188.99999999999918,302.00000000000006,1.2331,5.00000000000167,UP,1.2137,1.2439,True,
2003-W52,LOTW_Monday,1.2352,1.245,1.2399,98.00000000000031,120.00000000000011,1.2395,-3.9999999999995595,DOWN,1.2352,1.2472,False,
2004-W03,HOTW_Monday,1.2738,1.29,1.2751,161.99999999999991,546.9999999999997,1.2774,23.000000000001908,UP,1.2353,1.29,,False
2004-W04,LOTW_Monday,1.2336,1.2427,1.2353,90.99999999999886,443.00000000000006,1.2584,230.99999999999898,UP,1.2336,1.2779,True,
2004-W06,LOTW_Monday,1.2394,1.2489,1.2426,94.99999999999842,332.99999999999886,1.2544,118.00000000000033,UP,1.2394,1.2727,True,
2004-W07,LOTW_Monday,1.2607,1.2766,1.2706,159.00000000000026,288.0000000000016,1.2674,-31.999999999998696,DOWN,1.2607,1.2895,False,
2004-W10,HOTW_Monday,1.2429,1.2543,1.2461,114.00000000000077,484.9999999999999,1.2217,-243.99999999999977,DOWN,1.2058,1.2543,,True
2004-W11,HOTW_Monday,1.2341,1.249,1.2402,149.00000000000136,328.00000000000165,1.2317,-84.99999999999952,DOWN,1.2162,1.249,,True
2004-W13,HOTW_Monday,1.2221,1.2397,1.2339,176.0000000000006,327.99999999999943,1.234,0.9999999999998899,UP,1.2069,1.2397,,False
2004-W14,LOTW_Monday,1.2051,1.2172,1.2161,121.0,340.0000000000003,1.2172,11.000000000001009,UP,1.2051,1.2391,True,
2004-W16,HOTW_Monday,1.2057,1.21,1.2078,42.9999999999997,228.9999999999992,1.1948,-129.999999999999,DOWN,1.1871,1.21,,True
2004-W17,HOTW_Monday,1.2003,1.2082,1.2028,79.00000000000018,299.0000000000004,1.1867,-161.00000000000003,DOWN,1.1783,1.2082,,True
2004-W18,LOTW_Monday,1.1763,1.1887,1.1868,124.00000000000189,253.000000000001,1.1924,55.99999999999827,UP,1.1763,1.2016,True,
2004-W21,LOTW_Monday,1.188,1.2062,1.203,181.99999999999994,192.00000000000105,1.1956,-74.00000000000074,DOWN,1.188,1.2072,False,
2004-W22,LOTW_Monday,1.1935,1.2025,1.2007,89.99999999999898,363.0,1.2111,103.99999999999964,UP,1.1935,1.2298,True,
2004-W25,LOTW_Monday,1.1957,1.2089,1.2058,132.000000000001,214.00000000000085,1.216,101.99999999999987,UP,1.1957,1.2171,True,
2004-W30,HOTW_Monday,1.2402,1.2464,1.2441,61.99999999999983,372.99999999999886,1.2333,-107.9999999999992,DOWN,1.2091,1.2464,,True
2004-W35,HOTW_Monday,1.2134,1.2323,1.2147,188.99999999999918,314.99999999999864,1.2082,-64.9999999999995,DOWN,1.2008,1.2323,,True
2004-W36,LOTW_Monday,1.199,1.207,1.2056,80.00000000000007,231.99999999999886,1.2186,129.999999999999,UP,1.199,1.2222,True,
2004-W39,LOTW_Monday,1.2127,1.2186,1.2176,59.00000000000016,236.00000000000065,1.2339,162.9999999999998,UP,1.2127,1.2363,True,
2004-W40,LOTW_Monday,1.225,1.2315,1.2298,64.9999999999995,194.99999999999852,1.2327,28.999999999999027,UP,1.225,1.2445,True,
2004-W47,LOTW_Monday,1.2919,1.3,1.2949,80.99999999999996,156.00000000000057,1.2959,10.000000000001119,UP,1.2919,1.3075,True,
2004-W49,LOTW_Monday,1.3232,1.3307,1.3283,75.00000000000063,230.0000000000013,1.328,-2.9999999999996696,DOWN,1.3232,1.3462,False,
2004-W51,LOTW_Monday,1.319,1.3328,1.3313,138.00000000000034,254.00000000000088,1.3298,-14.999999999998348,DOWN,1.319,1.3444,False,
2004-W52,LOTW_Monday,1.33,1.3411,1.3397,110.99999999999888,249.99999999999912,1.3374,-22.999999999999687,DOWN,1.33,1.355,False,
2005-W01,HOTW_Monday,1.3441,1.3576,1.3467,134.99999999999847,547.9999999999995,1.328,-186.99999999999937,DOWN,1.3028,1.3576,,True
2005-W02,LOTW_Monday,1.3054,1.3124,1.3077,70.00000000000117,241.0000000000001,1.3107,29.999999999998916,UP,1.3054,1.3295,True,
2005-W03,HOTW_Monday,1.3062,1.3129,1.3068,66.99999999999929,204.99999999999963,1.3022,-45.999999999999375,DOWN,1.2924,1.3129,,True
2005-W06,LOTW_Monday,1.2734,1.2866,1.2759,131.99999999999878,173.9999999999986,1.2765,5.999999999999339,UP,1.2734,1.2908,True,
2005-W07,LOTW_Monday,1.2879,1.2991,1.2977,111.99999999999876,210.99999999999898,1.3027,49.999999999998934,UP,1.2879,1.309,True,
2005-W08,LOTW_Monday,1.3035,1.308,1.3068,44.99999999999949,240.9999999999979,1.326,192.00000000000105,UP,1.3035,1.3276,True,
2005-W09,HOTW_Monday,1.3222,1.3281,1.3231,59.00000000000016,191.00000000000117,1.319,-40.99999999999993,DOWN,1.309,1.3281,,True
2005-W10,LOTW_Monday,1.3181,1.325,1.3214,68.99999999999906,300.0000000000003,1.3347,133.0000000000009,UP,1.3181,1.3481,True,
2005-W11,HOTW_Monday,1.3337,1.3478,1.3368,141.0,211.0000000000012,1.3311,-57.000000000000384,DOWN,1.3267,1.3478,,True
2005-W12,HOTW_Monday,1.3142,1.3318,1.3157,176.0000000000006,387.00000000000176,1.3085,-72.00000000000095,DOWN,1.2931,1.3318,,True
2005-W13,LOTW_Monday,1.2859,1.2958,1.2896,99.0000000000002,199.00000000000028,1.2929,32.999999999998586,UP,1.2859,1.3058,True,
2005-W16,LOTW_Monday,1.2878,1.3046,1.3027,167.99999999999926,246.99999999999943,1.3066,39.00000000000014,UP,1.2878,1.3125,True,
2005-W17,HOTW_Monday,1.2955,1.3071,1.3002,115.99999999999832,214.99999999999852,1.2988,-14.000000000000679,DOWN,1.2856,1.3071,,True
2005-W22,HOTW_Monday,1.2467,1.2547,1.2477,80.00000000000007,384.9999999999998,1.2308,-169.00000000000136,DOWN,1.2162,1.2547,,True
2005-W25,HOTW_Monday,1.2125,1.224,1.2151,115.00000000000065,256.0000000000007,1.2185,33.99999999999848,UP,1.1984,1.224,,False
2005-W26,HOTW_Monday,1.2092,1.2187,1.2161,94.99999999999842,168.99999999999915,1.2054,-106.99999999999932,DOWN,1.2018,1.2187,,True
2005-W28,LOTW_Monday,1.1958,1.2088,1.2074,130.00000000000122,299.0000000000004,1.2242,167.99999999999926,UP,1.1958,1.2257,True,
2005-W31,LOTW_Monday,1.2121,1.2252,1.2183,131.0000000000011,282.99999999999994,1.2194,11.000000000001009,UP,1.2121,1.2404,True,
2005-W32,LOTW_Monday,1.2318,1.2392,1.2352,74.00000000000074,168.99999999999915,1.2371,19.000000000000128,UP,1.2318,1.2487,True,
2005-W33,HOTW_Monday,1.2347,1.2468,1.2369,121.0,338.9999999999982,1.2366,-3.00000000000189,DOWN,1.2129,1.2468,,True
2005-W34,LOTW_Monday,1.2159,1.2244,1.2231,84.99999999999952,183.99999999999972,1.2237,5.999999999999339,UP,1.2159,1.2343,True,
2005-W36,HOTW_Monday,1.2514,1.2587,1.2519,72.99999999999862,210.99999999999898,1.247,-48.99999999999905,DOWN,1.2376,1.2587,,True
2005-W37,HOTW_Monday,1.2274,1.2418,1.2285,143.9999999999997,221.99999999999997,1.2271,-13.999999999998458,DOWN,1.2196,1.2418,,True
2005-W41,HOTW_Monday,1.2041,1.2154,1.2068,113.00000000000088,238.00000000000043,1.1994,-74.00000000000074,DOWN,1.1916,1.2154,,True
2005-W42,HOTW_Monday,1.2012,1.2123,1.2025,110.99999999999888,246.99999999999943,1.1961,-63.999999999999616,DOWN,1.1876,1.2123,,True
2005-W43,LOTW_Monday,1.1923,1.2022,1.1989,99.0000000000002,251.00000000000122,1.2108,119.00000000000021,UP,1.1923,1.2174,True,
2005-W44,HOTW_Monday,1.1971,1.209,1.1994,119.00000000000021,286.0000000000018,1.2023,28.999999999999027,UP,1.1804,1.209,,False
2005-W45,HOTW_Monday,1.1777,1.1834,1.1806,57.000000000000384,161.00000000000003,1.1781,-25.000000000001688,DOWN,1.1673,1.1834,,True
2005-W48,HOTW_Monday,1.1684,1.1905,1.1851,220.99999999999787,240.9999999999979,1.1779,-72.00000000000095,DOWN,1.1664,1.1905,,True
2005-W49,LOTW_Monday,1.169,1.1822,1.1791,131.99999999999878,161.00000000000003,1.1782,-9.00000000000123,DOWN,1.169,1.1851,False,
2005-W50,LOTW_Monday,1.178,1.1985,1.1956,204.99999999999963,328.00000000000165,1.1945,-11.000000000001009,DOWN,1.178,1.2108,False,
2005-W51,HOTW_Monday,1.1977,1.2041,1.2009,63.999999999999616,238.00000000000043,1.186,-149.00000000000136,DOWN,1.1803,1.2041,,True
2006-W03,HOTW_Monday,1.2109,1.2177,1.2125,67.99999999999918,135.00000000000068,1.2106,-19.000000000000128,DOWN,1.2042,1.2177,,True
2006-W06,HOTW_Monday,1.1948,1.2048,1.1968,100.00000000000009,154.0000000000008,1.1981,12.999999999998568,UP,1.1894,1.2048,,False
2006-W08,HOTW_Monday,1.1925,1.1978,1.194,53.000000000000824,112.99999999999866,1.1916,-23.999999999999577,DOWN,1.1865,1.1978,,True
2006-W09,LOTW_Monday,1.1827,1.188,1.1845,52.99999999999861,225.99999999999955,1.1924,78.99999999999795,UP,1.1827,1.2053,True,
2006-W10,HOTW_Monday,1.1992,1.2094,1.2017,101.99999999999987,233.000000000001,1.1887,-129.999999999999,DOWN,1.1861,1.2094,,True
2006-W11,LOTW_Monday,1.1913,1.1972,1.1962,59.00000000000016,295.0000000000008,1.2012,50.00000000000115,UP,1.1913,1.2208,True,
2006-W12,HOTW_Monday,1.215,1.2197,1.2164,46.99999999999926,242.9999999999999,1.2096,-67.99999999999918,DOWN,1.1954,1.2197,,True
2006-W14,LOTW_Monday,1.2035,1.2151,1.2139,116.00000000000054,300.0000000000003,1.2259,120.00000000000011,UP,1.2035,1.2335,True,
2006-W16,LOTW_Monday,1.2122,1.229,1.2251,168.00000000000148,274.0000000000009,1.2344,92.99999999999864,UP,1.2122,1.2396,True,
2006-W17,LOTW_Monday,1.2334,1.2415,1.2395,80.99999999999996,309.99999999999915,1.2432,37.00000000000037,UP,1.2334,1.2644,True,
2006-W18,LOTW_Monday,1.2557,1.2693,1.2587,136.00000000000057,207.9999999999993,1.2618,31.000000000001027,UP,1.2557,1.2765,True,
2006-W20,HOTW_Monday,1.2782,1.2973,1.2795,190.99999999999895,277.99999999999824,1.2862,66.99999999999929,UP,1.2695,1.2973,,False
2006-W21,LOTW_Monday,1.2695,1.2888,1.2868,192.99999999999872,197.99999999999818,1.282,-47.999999999999154,DOWN,1.2695,1.2893,False,
2006-W22,LOTW_Monday,1.272,1.2771,1.2753,50.99999999999882,221.99999999999997,1.2871,117.99999999999811,UP,1.272,1.2942,True,
2006-W23,HOTW_Monday,1.2906,1.2982,1.2907,76.00000000000051,383.9999999999999,1.2832,-75.00000000000063,DOWN,1.2598,1.2982,,True
2006-W26,LOTW_Monday,1.2505,1.2604,1.2583,99.0000000000002,290.00000000000136,1.2578,-4.999999999999449,DOWN,1.2505,1.2795,False,
2006-W28,HOTW_Monday,1.2724,1.282,1.2732,96.00000000000053,191.00000000000117,1.2776,43.999999999999595,UP,1.2629,1.282,,False
2006-W34,HOTW_Monday,1.2826,1.2942,1.2894,116.00000000000054,214.00000000000085,1.2804,-90.0000000000012,DOWN,1.2728,1.2942,,True
2006-W36,HOTW_Monday,1.2841,1.2876,1.2872,35.00000000000058,221.99999999999997,1.2818,-53.999999999998494,DOWN,1.2654,1.2876,,True
2006-W38,LOTW_Monday,1.2631,1.2711,1.2709,80.00000000000007,202.0000000000022,1.268,-28.999999999999027,DOWN,1.2631,1.2833,False,
2006-W39,HOTW_Monday,1.2733,1.282,1.2749,86.9999999999993,178.00000000000037,1.2691,-58.00000000000027,DOWN,1.2642,1.282,,True
2006-W41,HOTW_Monday,1.2587,1.2615,1.26,28.000000000001357,130.00000000000122,1.254,-60.00000000000006,DOWN,1.2485,1.2615,,True
2006-W42,LOTW_Monday,1.2491,1.2539,1.2535,47.999999999999154,154.99999999999847,1.2548,12.999999999998568,UP,1.2491,1.2646,True,
2006-W45,LOTW_Monday,1.2692,1.2726,1.2725,33.99999999999848,208.99999999999918,1.2779,54.00000000000071,UP,1.2692,1.2901,True,
2006-W46,HOTW_Monday,1.2798,1.2879,1.2808,80.99999999999996,114.00000000000077,1.2813,5.00000000000167,UP,1.2765,1.2879,,False
2006-W48,LOTW_Monday,1.3088,1.3173,1.3133,84.99999999999952,262.0,1.3201,68.00000000000139,UP,1.3088,1.335,True,
2006-W49,HOTW_Monday,1.3285,1.337,1.3344,84.99999999999952,176.0000000000006,1.3319,-24.999999999999467,DOWN,1.3194,1.337,,True
2006-W51,LOTW_Monday,1.3054,1.3121,1.3099,67.0000000000015,194.00000000000085,1.3198,99.0000000000002,UP,1.3054,1.3248,True,
2007-W01,HOTW_Monday,1.4571,1.475,1.459,179.00000000000028,1767.0000000000007,1.3275,-1315.0000000000018,DOWN,1.2983,1.475,,True
2007-W05,LOTW_Monday,1.2901,1.2968,1.2958,66.99999999999929,165.9999999999995,1.2972,13.999999999998458,UP,1.2901,1.3067,True,
2007-W07,LOTW_Monday,1.2943,1.3039,1.2969,96.00000000000053,230.99999999999898,1.3039,70.00000000000117,UP,1.2943,1.3174,True,
2007-W10,LOTW_Monday,1.3074,1.3214,1.3091,140.0000000000001,140.0000000000001,1.3129,38.000000000000256,UP,1.3074,1.3214,True,
2007-W11,LOTW_Monday,1.311,1.3202,1.319,92.00000000000097,231.0000000000012,1.3199,9.00000000000123,UP,1.311,1.3341,True,
2007-W13,LOTW_Monday,1.3257,1.3348,1.333,90.99999999999886,144.99999999999957,1.3354,23.999999999999577,UP,1.3257,1.3402,True,
2007-W15,LOTW_Monday,1.3341,1.3383,1.3356,41.999999999999815,213.99999999999864,1.3441,85.00000000000173,UP,1.3341,1.3555,True,
2007-W17,LOTW_Monday,1.3544,1.3609,1.3579,64.9999999999995,139.00000000000023,1.364,60.99999999999994,UP,1.3544,1.3683,True,
2007-W18,HOTW_Monday,1.3592,1.368,1.3649,88.0000000000014,144.0000000000019,1.3606,-42.9999999999997,DOWN,1.3536,1.368,,True
2007-W19,HOTW_Monday,1.3593,1.363,1.3604,37.00000000000037,164.9999999999996,1.3543,-60.99999999999994,DOWN,1.3465,1.363,,True
2007-W21,HOTW_Monday,1.3439,1.3534,1.3469,94.99999999999842,121.0,1.3451,-18.000000000000238,DOWN,1.3413,1.3534,,True
2007-W27,LOTW_Monday,1.3529,1.3641,1.3625,112.000000000001,132.000000000001,1.3612,-13.000000000000789,DOWN,1.3529,1.3661,False,
2007-W31,LOTW_Monday,1.361,1.3708,1.3697,98.00000000000031,212.00000000000108,1.3684,-12.999999999998568,DOWN,1.361,1.3822,False,
2007-W32,HOTW_Monday,1.3782,1.3842,1.3795,60.00000000000006,200.00000000000017,1.374,-54.99999999999838,DOWN,1.3642,1.3842,,True
2007-W33,HOTW_Monday,1.3605,1.3711,1.3616,105.99999999999943,348.9999999999993,1.3536,-80.00000000000007,DOWN,1.3362,1.3711,,True
2007-W37,LOTW_Monday,1.3769,1.3818,1.3804,48.99999999999905,161.00000000000003,1.384,35.99999999999825,UP,1.3769,1.393,True,
2007-W40,HOTW_Monday,1.4213,1.4283,1.4234,69.99999999999895,247.99999999999932,1.4155,-79.00000000000018,DOWN,1.4035,1.4283,,True
2007-W43,LOTW_Monday,1.4127,1.4351,1.4182,223.99999999999974,269.99999999999915,1.4264,81.99999999999986,UP,1.4127,1.4397,True,
2007-W45,LOTW_Monday,1.4444,1.4526,1.4472,81.99999999999986,310.00000000000136,1.4555,82.99999999999974,UP,1.4444,1.4754,True,
2007-W47,LOTW_Monday,1.4623,1.4688,1.4665,65.00000000000172,347.00000000000176,1.4841,176.0000000000006,UP,1.4623,1.497,True,
2007-W51,HOTW_Monday,1.4331,1.4453,1.4403,121.99999999999989,141.99999999999991,1.4416,13.000000000000789,UP,1.4311,1.4453,,False
2007-W52,LOTW_Monday,1.4368,1.4416,1.4397,47.999999999999154,362.0000000000001,,,N/A,1.4368,1.473,False,
2008-W05,LOTW_Monday,1.4664,1.48,1.4782,136.00000000000057,286.0000000000018,1.4778,-3.9999999999995595,DOWN,1.4664,1.495,False,
2008-W06,HOTW_Monday,1.4795,1.485,1.4832,55.000000000000604,411.00000000000136,1.4648,-183.99999999999972,DOWN,1.4439,1.485,,True
2008-W07,LOTW_Monday,1.4482,1.4578,1.4519,96.00000000000053,228.00000000000153,1.4586,66.99999999999929,UP,1.4482,1.471,True,
2008-W08,LOTW_Monday,1.4611,1.4693,1.4658,81.99999999999986,251.9999999999989,1.4728,70.00000000000117,UP,1.4611,1.4863,True,
2008-W12,HOTW_Monday,1.5678,1.5906,1.5732,227.99999999999932,508.99999999999943,1.5624,-107.9999999999992,DOWN,1.5397,1.5906,,True
2008-W13,LOTW_Monday,1.5344,1.5458,1.5425,114.00000000000077,517.0000000000008,1.565,224.99999999999966,UP,1.5344,1.5861,True,
2008-W14,HOTW_Monday,1.5761,1.5897,1.5789,135.99999999999835,385.99999999999966,1.5617,-171.9999999999988,DOWN,1.5511,1.5897,,True
2008-W15,LOTW_Monday,1.5628,1.574,1.5713,112.000000000001,288.99999999999926,1.5713,0.0,DOWN,1.5628,1.5917,False,
2008-W16,LOTW_Monday,1.5672,1.5888,1.5832,216.00000000000063,314.00000000000097,1.579,-41.999999999999815,DOWN,1.5672,1.5986,False,
2008-W18,HOTW_Monday,1.5594,1.5696,1.5657,102.00000000000209,334.00000000000097,1.5572,-85.00000000000173,DOWN,1.5362,1.5696,,True
2008-W20,LOTW_Monday,1.5367,1.5572,1.5555,204.99999999999963,236.00000000000065,1.5477,-78.00000000000028,DOWN,1.5367,1.5603,False,
2008-W21,LOTW_Monday,1.5489,1.5635,1.5513,145.99999999999946,325.9999999999996,1.5648,135.00000000000068,UP,1.5489,1.5815,True,
2008-W24,HOTW_Monday,1.5622,1.5846,1.5648,223.99999999999974,541.0000000000003,1.5468,-180.00000000000017,DOWN,1.5305,1.5846,,True
2008-W25,LOTW_Monday,1.5347,1.5521,1.5479,174.00000000000082,305.9999999999996,1.5512,32.999999999998586,UP,1.5347,1.5653,True,
2008-W26,LOTW_Monday,1.547,1.5638,1.552,168.00000000000148,323.99999999999983,1.557,49.999999999998934,UP,1.547,1.5794,True,
2008-W28,LOTW_Monday,1.5614,1.5755,1.5728,141.0,335.00000000000085,1.5672,-56.0000000000005,DOWN,1.5614,1.5949,False,
2008-W31,HOTW_Monday,1.5687,1.5771,1.5742,83.99999999999963,252.99999999999878,1.5591,-151.00000000000114,DOWN,1.5518,1.5771,,True
2008-W32,HOTW_Monday,1.5557,1.5633,1.558,75.9999999999983,630.9999999999993,1.5457,-122.99999999999977,DOWN,1.5002,1.5633,,True
2008-W33,HOTW_Monday,1.4882,1.5085,1.4912,202.99999999999986,425.9999999999997,1.4928,15.999999999998238,UP,1.4659,1.5085,,False
2008-W36,HOTW_Monday,1.4583,1.4725,1.4619,141.99999999999991,525.9999999999998,1.4521,-98.00000000000031,DOWN,1.4199,1.4725,,True
2008-W37,HOTW_Monday,1.4056,1.443,1.4131,374.000000000001,546.9999999999997,1.4136,4.999999999999449,UP,1.3883,1.443,,False
2008-W39,LOTW_Monday,1.4439,1.4869,1.4777,430.0000000000015,430.0000000000015,1.465,-126.99999999999933,DOWN,1.4439,1.4869,False,
2008-W40,HOTW_Monday,1.4304,1.4571,1.4436,267.0000000000017,867.0,1.4094,-342.00000000000006,DOWN,1.3704,1.4571,,True
2008-W43,HOTW_Monday,1.329,1.3532,1.3345,242.0,1033.9999999999993,1.3065,-280.0000000000002,DOWN,1.2498,1.3532,,True
2008-W46,HOTW_Monday,1.272,1.2929,1.2751,208.99999999999918,538.9999999999984,1.2524,-226.99999999999943,DOWN,1.239,1.2929,,True
2008-W48,LOTW_Monday,1.2569,1.2957,1.2956,388.0000000000017,514.0000000000011,1.3066,109.99999999999899,UP,1.2569,1.3083,True,
2008-W50,LOTW_Monday,1.2721,1.2969,1.2965,247.99999999999932,695.9999999999989,1.2929,-36.000000000000476,DOWN,1.2721,1.3417,False,
2008-W51,LOTW_Monday,1.3371,1.3724,1.369,353.0000000000011,1350.0,1.4011,321.00000000000017,UP,1.3371,1.4721,True,
2008-W52,LOTW_Monday,1.3905,1.4127,1.3946,221.99999999999997,221.99999999999997,1.3928,-18.000000000000238,DOWN,1.3905,1.4127,False,
2009-W02,HOTW_Monday,1.3548,1.3965,1.3637,417.0000000000007,651.0000000000016,1.3539,-97.9999999999981,DOWN,1.3314,1.3965,,True
2009-W03,HOTW_Monday,1.3292,1.3482,1.3364,190.00000000000128,454.0000000000011,1.3183,-181.00000000000006,DOWN,1.3028,1.3482,,True
2009-W04,HOTW_Monday,1.3068,1.3388,1.3069,320.0000000000003,622.0000000000003,1.2907,-161.99999999999991,DOWN,1.2766,1.3388,,True
2009-W06,LOTW_Monday,1.2708,1.2901,1.2845,193.00000000000094,364.9999999999998,1.3042,197.0000000000005,UP,1.2708,1.3073,True,
2009-W07,HOTW_Monday,1.2876,1.3095,1.3005,219.0000000000003,371.0000000000013,1.2915,-89.99999999999898,DOWN,1.2724,1.3095,,True
2009-W09,HOTW_Monday,1.2693,1.2993,1.2695,299.99999999999807,387.99999999999943,1.2848,152.9999999999987,UP,1.2605,1.2993,,False
2009-W11,LOTW_Monday,1.2558,1.2729,1.2613,170.99999999999892,401.0000000000002,1.2684,70.99999999999883,UP,1.2558,1.2959,True,
2009-W12,LOTW_Monday,1.2836,1.3073,1.297,236.99999999999832,904.0000000000003,1.3018,48.00000000000138,UP,1.2836,1.374,True,
2009-W13,HOTW_Monday,1.3487,1.3738,1.3635,250.999999999999,478.9999999999983,1.347,-164.9999999999996,DOWN,1.3259,1.3738,,True
2009-W14,LOTW_Monday,1.3115,1.3288,1.3201,172.99999999999872,403.9999999999999,1.3252,50.99999999999882,UP,1.3115,1.3519,True,
2009-W15,HOTW_Monday,1.336,1.3584,1.3418,223.99999999999974,492.0000000000013,1.3274,-144.0000000000019,DOWN,1.3092,1.3584,,True
2009-W16,HOTW_Monday,1.3128,1.3396,1.337,267.9999999999994,377.99999999999835,1.3261,-108.99999999999909,DOWN,1.3018,1.3396,,True
2009-W19,LOTW_Monday,1.3215,1.3427,1.3408,212.00000000000108,439.0000000000005,1.3331,-77.0000000000004,DOWN,1.3215,1.3654,False,
2009-W21,LOTW_Monday,1.3426,1.3566,1.3563,140.0000000000001,626.9999999999998,1.3633,69.99999999999895,UP,1.3426,1.4053,True,
2009-W24,LOTW_Monday,1.3805,1.4002,1.3899,196.9999999999983,372.99999999999886,1.4065,166.0000000000017,UP,1.3805,1.4178,True,
2009-W26,LOTW_Monday,1.3827,1.3957,1.3866,129.999999999999,310.99999999999903,1.4076,209.9999999999991,UP,1.3827,1.4138,True,
2009-W29,LOTW_Monday,1.3897,1.4001,1.3977,103.99999999999964,269.0000000000015,1.3966,-10.999999999998789,DOWN,1.3897,1.4166,False,
2009-W30,LOTW_Monday,1.4095,1.4249,1.423,154.0000000000008,196.00000000000063,1.4224,-5.999999999999339,DOWN,1.4095,1.4291,False,
2009-W34,LOTW_Monday,1.4045,1.4193,1.4082,147.99999999999923,328.9999999999993,1.4135,53.000000000000824,UP,1.4045,1.4374,True,
2009-W37,LOTW_Monday,1.43,1.4361,1.4332,60.99999999999994,334.00000000000097,1.4478,145.99999999999946,UP,1.43,1.4634,True,
2009-W38,LOTW_Monday,1.4514,1.4652,1.4617,138.00000000000034,251.9999999999989,1.4656,39.00000000000014,UP,1.4514,1.4766,True,
2009-W39,LOTW_Monday,1.4611,1.4712,1.4678,100.99999999999997,230.99999999999898,1.479,112.000000000001,UP,1.4611,1.4842,True,
2009-W40,HOTW_Monday,1.4564,1.472,1.4621,156.00000000000057,240.00000000000023,1.4586,-35.00000000000058,DOWN,1.448,1.472,,True
2009-W41,LOTW_Monday,1.4579,1.4667,1.4647,87.99999999999919,237.00000000000054,1.4719,72.00000000000095,UP,1.4579,1.4816,True,
2009-W42,LOTW_Monday,1.4678,1.4812,1.4773,134.0000000000008,287.9999999999994,1.4853,80.00000000000007,UP,1.4678,1.4966,True,
2009-W43,LOTW_Monday,1.4829,1.4965,1.4964,135.99999999999835,230.99999999999898,1.4944,-20.000000000000018,DOWN,1.4829,1.506,False,
2009-W44,HOTW_Monday,1.4845,1.5063,1.4876,218.00000000000043,380.00000000000034,1.4804,-72.00000000000095,DOWN,1.4683,1.5063,,True
2009-W47,HOTW_Monday,1.488,1.5016,1.497,136.00000000000057,215.00000000000074,1.4876,-94.00000000000075,DOWN,1.4801,1.5016,,True
2009-W50,HOTW_Monday,1.4756,1.4905,1.4827,148.99999999999915,319.0000000000004,1.4703,-123.99999999999966,DOWN,1.4586,1.4905,,True
2009-W51,HOTW_Monday,1.4598,1.4685,1.4656,86.9999999999993,423.99999999999994,1.4538,-118.00000000000033,DOWN,1.4261,1.4685,,True
2010-W01,LOTW_Monday,1.4257,1.4456,1.4413,199.00000000000028,225.99999999999955,1.4365,-47.999999999999154,DOWN,1.4257,1.4483,False,
2010-W04,HOTW_Monday,1.4128,1.4194,1.4151,65.99999999999939,331.999999999999,1.4071,-80.00000000000007,DOWN,1.3862,1.4194,,True
2010-W14,HOTW_Monday,1.3459,1.3537,1.3483,77.99999999999807,255.99999999999847,1.3398,-84.99999999999952,DOWN,1.3281,1.3537,,True
2010-W15,HOTW_Monday,1.3565,1.3691,1.359,125.99999999999945,220.0000000000002,1.3612,21.999999999999797,UP,1.3471,1.3691,,False
2010-W18,HOTW_Monday,1.3153,1.3359,1.3193,206.00000000000173,841.0000000000007,1.2985,-207.9999999999993,DOWN,1.2518,1.3359,,True
2010-W19,HOTW_Monday,1.2758,1.3092,1.2786,333.99999999999875,738.9999999999985,1.266,-125.99999999999945,DOWN,1.2353,1.3092,,True
2010-W21,HOTW_Monday,1.2343,1.2562,1.2371,219.0000000000003,408.9999999999994,1.2344,-27.000000000001467,DOWN,1.2153,1.2562,,True
2010-W23,LOTW_Monday,1.1875,1.199,1.1922,115.00000000000065,276.0000000000007,1.1972,50.00000000000115,UP,1.1875,1.2151,True,
2010-W24,LOTW_Monday,1.2115,1.2297,1.222,181.99999999999994,300.0000000000003,1.2331,111.0000000000011,UP,1.2115,1.2415,True,
2010-W25,HOTW_Monday,1.2303,1.2467,1.2311,163.99999999999972,258.9999999999981,1.2269,-41.999999999999815,DOWN,1.2208,1.2467,,True
2010-W30,LOTW_Monday,1.2876,1.3004,1.2993,127.99999999999923,228.9999999999992,1.2995,2.000000000002,UP,1.2876,1.3105,True,
2010-W31,LOTW_Monday,1.3053,1.3194,1.3179,141.0,280.0000000000002,1.3229,49.999999999998934,UP,1.3053,1.3333,True,
2010-W32,HOTW_Monday,1.3215,1.3307,1.322,92.00000000000097,559.0000000000006,1.3175,-45.000000000001705,DOWN,1.2748,1.3307,,True
2010-W36,HOTW_Monday,1.2866,1.2918,1.2874,52.00000000000094,274.0000000000009,1.2682,-192.00000000000105,DOWN,1.2644,1.2918,,True
2010-W37,LOTW_Monday,1.2703,1.2892,1.2883,188.99999999999918,456.00000000000085,1.2997,114.00000000000077,UP,1.2703,1.3159,True,
2010-W38,LOTW_Monday,1.3028,1.312,1.3061,92.00000000000097,466.99999999999966,1.3264,202.99999999999986,UP,1.3028,1.3495,True,
2010-W43,HOTW_Monday,1.3933,1.4079,1.3964,145.99999999999946,345.99999999999966,1.3857,-107.00000000000153,DOWN,1.3733,1.4079,,True
2010-W44,LOTW_Monday,1.3863,1.401,1.3891,146.99999999999935,417.99999999999835,1.4032,141.0,UP,1.3863,1.4281,True,
2010-W45,HOTW_Monday,1.3886,1.4085,1.3918,199.00000000000028,512.0000000000014,1.3771,-146.99999999999935,DOWN,1.3573,1.4085,,True
2010-W46,HOTW_Monday,1.3562,1.3749,1.3586,186.99999999999937,302.99999999999994,1.3488,-98.00000000000031,DOWN,1.3446,1.3749,,True
2010-W47,HOTW_Monday,1.3575,1.3785,1.3626,210.0000000000013,585.9999999999999,1.3366,-260.0000000000002,DOWN,1.3199,1.3785,,True
2010-W49,HOTW_Monday,1.3245,1.3421,1.3307,176.0000000000006,258.00000000000045,1.326,-46.99999999999926,DOWN,1.3163,1.3421,,True
2010-W52,LOTW_Monday,1.3071,1.3169,1.3163,98.00000000000031,352.0000000000012,1.3113,-50.00000000000115,DOWN,1.3071,1.3423,False,
2011-W02,LOTW_Monday,1.2873,1.2963,1.295,89.99999999999898,582.999999999998,1.2973,22.999999999999687,UP,1.2873,1.3456,True,
2011-W03,LOTW_Monday,1.3244,1.3384,1.3292,140.0000000000001,381.0000000000002,1.3385,93.00000000000085,UP,1.3244,1.3625,True,
2011-W04,LOTW_Monday,1.3539,1.3685,1.3636,145.99999999999946,217.99999999999818,1.368,44.00000000000182,UP,1.3539,1.3757,True,
2011-W07,LOTW_Monday,1.3427,1.3557,1.3487,129.999999999999,286.9999999999995,1.3485,-1.9999999999997797,DOWN,1.3427,1.3714,False,
2011-W09,LOTW_Monday,1.371,1.3855,1.3805,144.99999999999957,296.0000000000007,1.3776,-29.000000000001247,DOWN,1.371,1.4006,False,
2011-W10,HOTW_Monday,1.3955,1.4035,1.3968,80.00000000000007,283.99999999999983,1.3903,-64.9999999999995,DOWN,1.3751,1.4035,,True
2011-W13,LOTW_Monday,1.402,1.4114,1.4086,94.00000000000075,225.00000000000188,1.4113,26.999999999999247,UP,1.402,1.4245,True,
2011-W16,LOTW_Monday,1.4156,1.442,1.4233,263.9999999999998,492.0000000000013,1.4333,100.00000000000009,UP,1.4156,1.4648,True,
2011-W19,HOTW_Monday,1.4253,1.4441,1.4364,187.9999999999993,374.9999999999987,1.4408,44.00000000000182,UP,1.4066,1.4441,,False
2011-W20,LOTW_Monday,1.4047,1.4243,1.4155,195.9999999999984,296.99999999999835,1.4236,80.99999999999996,UP,1.4047,1.4344,True,
2011-W21,LOTW_Monday,1.3968,1.4146,1.4047,178.00000000000037,354.99999999999864,1.4098,50.99999999999882,UP,1.3968,1.4323,True,
2011-W22,LOTW_Monday,1.4256,1.4322,1.4281,65.99999999999939,385.99999999999966,1.4395,114.00000000000077,UP,1.4256,1.4642,True,
2011-W26,LOTW_Monday,1.4102,1.4293,1.4286,191.00000000000117,449.0000000000016,1.4369,82.99999999999974,UP,1.4102,1.4551,True,
2011-W27,HOTW_Monday,1.4494,1.4577,1.4538,82.99999999999974,371.999999999999,1.4427,-110.99999999999888,DOWN,1.4205,1.4577,,True
2011-W29,LOTW_Monday,1.4013,1.4133,1.4111,120.00000000000011,423.99999999999994,1.4155,43.999999999999595,UP,1.4013,1.4437,True,
2011-W31,HOTW_Monday,1.4184,1.4453,1.4249,268.99999999999926,399.00000000000045,1.4202,-47.000000000001485,DOWN,1.4054,1.4453,,True
2011-W32,HOTW_Monday,1.4128,1.4431,1.4177,302.99999999999994,327.99999999999943,1.4374,197.0000000000005,UP,1.4103,1.4431,,False
2011-W33,LOTW_Monday,1.4251,1.4476,1.4443,224.99999999999966,264.99999999999966,1.4406,-36.999999999998145,DOWN,1.4251,1.4516,False,
2011-W35,HOTW_Monday,1.4465,1.4548,1.4509,83.00000000000196,365.000000000002,1.444,-69.00000000000128,DOWN,1.4183,1.4548,,True
2011-W37,LOTW_Monday,1.3501,1.3693,1.3677,191.99999999999883,433.9999999999988,1.3677,0.0,DOWN,1.3501,1.3935,False,
2011-W39,LOTW_Monday,1.3361,1.3549,1.3532,187.9999999999993,327.99999999999943,1.3581,49.000000000001265,UP,1.3361,1.3689,True,
2011-W41,LOTW_Monday,1.3377,1.3698,1.3642,321.00000000000017,517.0000000000008,1.3639,-3.00000000000189,DOWN,1.3377,1.3894,False,
2011-W42,HOTW_Monday,1.3725,1.3914,1.3737,188.99999999999918,262.0,1.3752,15.000000000000568,UP,1.3652,1.3914,,False
2011-W44,HOTW_Monday,1.3828,1.417,1.3857,342.00000000000006,562.0000000000002,1.3703,-153.99999999999858,DOWN,1.3608,1.417,,True
2011-W46,HOTW_Monday,1.3591,1.3809,1.3632,218.00000000000043,387.99999999999943,1.3539,-92.99999999999864,DOWN,1.3421,1.3809,,True
2011-W49,HOTW_Monday,1.33745,1.34857,1.34004,111.20000000000019,204.9000000000012,1.34004,0.0,UP,1.32808,1.34857,,False
2011-W50,HOTW_Monday,1.31624,1.3381,1.31868,218.5999999999999,435.4999999999998,1.3036,-150.7999999999998,DOWN,1.29455,1.3381,,True
2011-W51,LOTW_Monday,1.29823,1.30435,1.29972,61.19999999999904,213.9000000000002,1.30812,83.99999999999963,UP,1.29823,1.31962,True,
2012-W01,HOTW_Monday,1.29167,1.32341,1.31928,317.3999999999988,537.3000000000005,1.30489,-143.89999999999904,DOWN,1.26968,1.32341,,True
2012-W03,LOTW_Monday,1.26253,1.26869,1.26662,61.60000000000166,360.20000000000164,1.27359,69.6999999999992,UP,1.26253,1.29855,True,
2012-W04,LOTW_Monday,1.28754,1.30519,1.30151,176.50000000000165,357.89999999999986,1.30351,20.000000000000018,UP,1.28754,1.32333,True,
2012-W05,HOTW_Monday,1.30763,1.32271,1.31427,150.7999999999998,201.80000000000086,1.30829,-59.80000000000096,DOWN,1.30253,1.32271,,True
2012-W06,LOTW_Monday,1.30272,1.31407,1.31295,113.49999999999972,293.09999999999945,1.32597,130.20000000000033,UP,1.30272,1.33203,True,
2012-W07,HOTW_Monday,1.31854,1.32835,1.31855,98.09999999999874,309.8999999999985,1.31331,-52.400000000001334,DOWN,1.29736,1.32835,,True
2012-W08,LOTW_Monday,1.31727,1.3276,1.32426,103.2999999999995,312.9000000000004,1.32327,-9.900000000000464,DOWN,1.31727,1.34856,False,
2012-W13,LOTW_Monday,1.31913,1.3367,1.33577,175.70000000000084,193.3000000000007,1.33128,-44.899999999998826,DOWN,1.31913,1.33846,False,
2012-W14,HOTW_Monday,1.32776,1.33796,1.33198,101.99999999999987,345.1000000000004,1.32327,-87.09999999999995,DOWN,1.30345,1.33796,,True
2012-W15,LOTW_Monday,1.30327,1.31332,1.31049,100.50000000000114,179.3,1.3081,-23.899999999998922,DOWN,1.30327,1.3212,False,
2012-W16,LOTW_Monday,1.2994,1.3147,1.3141,152.9999999999987,232.59999999999837,1.31255,-15.499999999999403,DOWN,1.2994,1.32266,False,
2012-W17,LOTW_Monday,1.3104,1.32096,1.31554,105.59999999999903,165.50000000000065,1.31965,41.10000000000058,UP,1.3104,1.32695,True,
2012-W20,HOTW_Monday,1.28208,1.29036,1.28227,82.79999999999843,262.09999999999843,1.27286,-94.09999999999918,DOWN,1.26415,1.29036,,True
2012-W21,HOTW_Monday,1.27246,1.2824,1.28165,99.4000000000006,328.3999999999998,1.26828,-133.69999999999882,DOWN,1.24956,1.2824,,True
2012-W22,HOTW_Monday,1.25242,1.26238,1.25405,99.59999999999968,336.1000000000014,1.25018,-38.7000000000004,DOWN,1.22877,1.26238,,True
2012-W23,LOTW_Monday,1.23852,1.25089,1.24984,123.69999999999992,239.3999999999985,1.24517,-46.69999999999952,DOWN,1.23852,1.26246,False,
2012-W24,HOTW_Monday,1.24799,1.26681,1.24826,188.20000000000059,226.20000000000084,1.25026,20.000000000000018,UP,1.24419,1.26681,,False
2012-W25,HOTW_Monday,1.25564,1.27471,1.25752,190.6999999999992,228.39999999999972,1.26844,109.20000000000041,UP,1.25187,1.27471,,False
2012-W27,HOTW_Monday,1.25675,1.26797,1.25768,112.20000000000007,420.1999999999995,1.26067,29.90000000000048,UP,1.22595,1.26797,,False
2012-W32,HOTW_Monday,1.2341,1.24426,1.24,101.59999999999947,201.8999999999993,1.23983,-1.7000000000000348,DOWN,1.22407,1.24426,,True
2012-W34,LOTW_Monday,1.22946,1.2368,1.23446,73.39999999999903,294.09999999999934,1.24716,127.00000000000156,UP,1.22946,1.25887,True,
2012-W38,HOTW_Monday,1.30825,1.31709,1.31166,88.40000000000181,252.30000000000086,1.3047,-69.60000000000078,DOWN,1.29186,1.31709,,True
2012-W39,HOTW_Monday,1.28903,1.29903,1.29299,100.00000000000009,161.79999999999862,1.29005,-29.400000000001647,DOWN,1.28285,1.29903,,True
2012-W40,LOTW_Monday,1.28031,1.2938,1.28873,134.90000000000003,267.6999999999996,1.29185,31.200000000000117,UP,1.28031,1.30708,True,
2012-W41,HOTW_Monday,1.29371,1.3025,1.29676,87.90000000000076,200.19999999999928,1.28842,-83.40000000000015,DOWN,1.28248,1.3025,,True
2012-W42,LOTW_Monday,1.28899,1.2978,1.2948,88.09999999999985,248.80000000000013,1.30528,104.80000000000045,UP,1.28899,1.31387,True,
2012-W43,HOTW_Monday,1.30149,1.30828,1.30587,67.90000000000074,200.80000000000098,1.29857,-73.00000000000084,DOWN,1.2882,1.30828,,True
2012-W50,LOTW_Monday,1.28852,1.29458,1.29399,60.59999999999954,287.39999999999986,1.30048,64.90000000000107,UP,1.28852,1.31726,True,
2012-W51,LOTW_Monday,1.31434,1.31879,1.31633,44.49999999999843,164.10000000000036,1.32277,64.4,UP,1.31434,1.33075,True,
2013-W01,HOTW_Monday,1.37276,1.38183,1.3802,90.69999999999911,821.4999999999994,1.37574,-44.6000000000013,DOWN,1.29968,1.38183,,True
2013-W02,LOTW_Monday,1.30162,1.31187,1.31157,102.50000000000092,348.9000000000009,1.30805,-35.199999999999676,DOWN,1.30162,1.33651,False,
2013-W03,HOTW_Monday,1.33355,1.34031,1.33814,67.59999999999877,147.19999999999845,1.33045,-76.90000000000197,DOWN,1.32559,1.34031,,True
2013-W06,HOTW_Monday,1.35045,1.36591,1.35125,154.6000000000003,306.5000000000007,1.35825,69.99999999999895,UP,1.33526,1.36591,,False
2013-W09,HOTW_Monday,1.30471,1.3318,1.30616,270.9000000000006,352.2000000000003,1.306,-1.5999999999993797,DOWN,1.29658,1.3318,,True
2013-W13,HOTW_Monday,1.28292,1.30473,1.28521,218.09999999999886,296.7999999999993,1.28598,7.699999999999374,UP,1.27505,1.30473,,False
2013-W15,LOTW_Monday,1.29676,1.3037,1.30077,69.40000000000168,169.9000000000006,1.30814,73.70000000000098,UP,1.29676,1.31375,True,
2013-W18,LOTW_Monday,1.30312,1.31158,1.3098,84.59999999999911,210.90000000000055,1.3167,68.99999999999906,UP,1.30312,1.32421,True,
2013-W21,LOTW_Monday,1.28188,1.29002,1.28819,81.40000000000036,178.50000000000142,1.29053,23.400000000000087,UP,1.28188,1.29973,True,
2013-W23,LOTW_Monday,1.29547,1.31067,1.30756,152.00000000000102,350.2000000000005,1.308,4.3999999999999595,UP,1.29547,1.33049,True,
2013-W24,LOTW_Monday,1.31768,1.32684,1.32567,91.60000000000056,212.60000000000056,1.33124,55.70000000000075,UP,1.31768,1.33894,True,
2013-W29,LOTW_Monday,1.29927,1.30796,1.30611,86.90000000000086,184.90000000000117,1.31616,100.49999999999892,UP,1.29927,1.31776,True,
2013-W30,LOTW_Monday,1.31352,1.32174,1.31853,82.19999999999894,161.00000000000003,1.32219,36.599999999999966,UP,1.31352,1.32962,True,
2013-W32,LOTW_Monday,1.32322,1.32996,1.32578,67.39999999999968,167.2999999999991,1.33034,45.600000000001195,UP,1.32322,1.33995,True,
2013-W36,HOTW_Monday,1.3183,1.32265,1.31906,43.50000000000076,122.50000000000094,1.317,-20.599999999999508,DOWN,1.3104,1.32265,,True
2013-W37,LOTW_Monday,1.31626,1.328,1.32545,117.40000000000083,161.5999999999995,1.32666,12.099999999999334,UP,1.31626,1.33242,True,
2013-W40,LOTW_Monday,1.3477,1.35553,1.35256,78.30000000000004,168.30000000000123,1.35252,-0.40000000000040004,DOWN,1.3477,1.36453,False,
2013-W43,LOTW_Monday,1.36504,1.36878,1.36799,37.400000000000766,181.1000000000007,1.37802,100.29999999999984,UP,1.36504,1.38315,True,
2013-W44,HOTW_Monday,1.37744,1.3817,1.37842,42.599999999999305,337.60000000000014,1.37445,-39.70000000000029,DOWN,1.34794,1.3817,,True
2013-W46,LOTW_Monday,1.33439,1.34153,1.34059,71.39999999999924,160.70000000000027,1.34348,28.900000000000592,UP,1.33439,1.35046,True,
2013-W48,LOTW_Monday,1.34895,1.35594,1.35156,69.8999999999983,131.3999999999993,1.35719,56.29999999999802,UP,1.34895,1.36209,True,
2013-W50,LOTW_Monday,1.36935,1.37447,1.37382,51.20000000000013,116.39999999999873,1.37606,22.400000000000198,UP,1.36935,1.38099,True,
2014-W04,LOTW_Monday,1.35069,1.35672,1.35512,60.2999999999998,231.79999999999978,1.35604,9.199999999998099,UP,1.35069,1.37387,True,
2014-W05,HOTW_Monday,1.36526,1.37159,1.36727,63.30000000000169,237.60000000000002,1.36699,-2.80000000000058,DOWN,1.34783,1.37159,,True
2014-W06,LOTW_Monday,1.34763,1.35347,1.35242,58.39999999999846,166.19999999999857,1.35174,-6.800000000000139,DOWN,1.34763,1.36425,False,
2014-W12,HOTW_Monday,1.38783,1.39469,1.3921,68.60000000000088,198.4000000000008,1.39335,12.500000000001954,UP,1.37485,1.39469,,False
2014-W13,HOTW_Monday,1.37596,1.38752,1.38381,115.60000000000015,171.20000000000024,1.38259,-12.199999999999989,DOWN,1.3704,1.38752,,True
2014-W15,LOTW_Monday,1.36955,1.37478,1.37405,52.29999999999846,209.2000000000005,1.37962,55.70000000000075,UP,1.36955,1.39047,True,
2014-W20,HOTW_Monday,1.37486,1.3774,1.37565,25.399999999999867,126.39999999999985,1.37025,-54.00000000000071,DOWN,1.36476,1.3774,,True
2014-W21,HOTW_Monday,1.36922,1.37334,1.37083,41.199999999999015,118.49999999999916,1.37006,-7.699999999999374,DOWN,1.36149,1.37334,,True
2014-W24,HOTW_Monday,1.35818,1.36679,1.35931,86.10000000000007,156.39999999999876,1.35473,-45.80000000000028,DOWN,1.35115,1.36679,,True
2014-W25,LOTW_Monday,1.35124,1.35786,1.35731,66.2000000000007,130.30000000000098,1.35461,-26.999999999999247,DOWN,1.35124,1.36427,False,
2014-W26,LOTW_Monday,1.35732,1.36128,1.36035,39.59999999999964,77.30000000000015,1.36054,1.900000000001345,UP,1.35732,1.36505,True,
2014-W28,LOTW_Monday,1.35752,1.36084,1.36039,33.199999999999896,74.69999999999865,1.36115,7.600000000000939,UP,1.35752,1.36499,True,
2014-W29,HOTW_Monday,1.35968,1.36395,1.36181,42.69999999999996,149.29999999999887,1.35669,-51.20000000000013,DOWN,1.34902,1.36395,,True
2014-W30,HOTW_Monday,1.35123,1.35483,1.3523,36.000000000000476,127.59999999999883,1.34648,-58.20000000000158,DOWN,1.34207,1.35483,,True
2014-W32,HOTW_Monday,1.34087,1.34319,1.34209,23.200000000000998,99.60000000000191,1.33754,-45.50000000000054,DOWN,1.33323,1.34319,,True
2014-W34,HOTW_Monday,1.33522,1.33984,1.33629,46.19999999999847,178.4999999999992,1.33193,-43.5999999999992,DOWN,1.32199,1.33984,,True
2014-W40,HOTW_Monday,1.2663,1.27141,1.26845,51.09999999999948,214.19999999999993,1.26296,-54.89999999999995,DOWN,1.24999,1.27141,,True
2014-W41,LOTW_Monday,1.25083,1.2674,1.26547,165.69999999999973,282.19999999999914,1.26683,13.599999999998058,UP,1.25083,1.27905,True,
2014-W42,LOTW_Monday,1.262,1.27603,1.27512,140.29999999999987,265.99999999999955,1.26575,-93.70000000000101,DOWN,1.262,1.2886,False,
2014-W48,LOTW_Monday,1.23609,1.24446,1.24414,83.69999999999989,170.9000000000005,1.24739,32.49999999999975,UP,1.23609,1.25318,True,
2014-W49,HOTW_Monday,1.24194,1.25066,1.24686,87.20000000000061,235.7000000000009,1.23823,-86.30000000000138,DOWN,1.22709,1.25066,,True
2014-W50,LOTW_Monday,1.2247,1.23438,1.23162,96.80000000000133,248.20000000000064,1.23736,57.40000000000079,UP,1.2247,1.24952,True,
2014-W52,HOTW_Monday,1.22167,1.22724,1.22286,55.70000000000075,107.60000000000103,1.21709,-57.70000000000053,DOWN,1.21648,1.22724,,True
2015-W02,HOTW_Monday,1.18664,1.19763,1.19327,109.90000000000055,222.19999999999908,1.18893,-43.400000000000105,DOWN,1.17541,1.19763,,True
2015-W03,HOTW_Monday,1.17862,1.18709,1.18334,84.69999999999978,410.9000000000007,1.17722,-61.20000000000125,DOWN,1.146,1.18709,,True
2015-W05,LOTW_Monday,1.10978,1.12953,1.12386,197.49999999999935,324.7,1.13805,141.89999999999924,UP,1.10978,1.14225,True,
2015-W06,LOTW_Monday,1.12922,1.1362,1.13411,69.80000000000209,241.8000000000009,1.14785,137.40000000000086,UP,1.12922,1.1534,True,
2015-W07,LOTW_Monday,1.12702,1.13592,1.13231,89.00000000000131,172.90000000000026,1.13202,-2.8999999999990145,DOWN,1.12702,1.14431,False,
2015-W09,HOTW_Monday,1.1295,1.13961,1.13342,101.10000000000063,220.19999999999928,1.13388,4.599999999999049,UP,1.11759,1.13961,,False
2015-W10,HOTW_Monday,1.11599,1.12395,1.11822,79.59999999999967,401.40000000000066,1.11753,-6.900000000000794,DOWN,1.08381,1.12395,,True
2015-W11,HOTW_Monday,1.08227,1.09064,1.0851,83.69999999999989,444.1000000000006,1.06969,-154.09999999999923,DOWN,1.04623,1.09064,,True
2015-W12,LOTW_Monday,1.04697,1.06195,1.05666,149.79999999999993,568.8000000000004,1.05965,29.90000000000048,UP,1.04697,1.10385,True,
2015-W13,LOTW_Monday,1.07673,1.09711,1.09451,203.80000000000064,284.80000000000064,1.09242,-20.900000000001473,DOWN,1.07673,1.10521,False,
2015-W15,HOTW_Monday,1.091,1.10354,1.09219,125.39999999999995,467.69999999999976,1.08144,-107.50000000000037,DOWN,1.05677,1.10354,,True
2015-W16,LOTW_Monday,1.05204,1.0619,1.05668,98.5999999999998,328.1999999999985,1.06543,87.50000000000036,UP,1.05204,1.08486,True,
2015-W18,LOTW_Monday,1.08194,1.09265,1.08908,107.09999999999997,470.50000000000034,1.09798,88.99999999999908,UP,1.08194,1.12899,True,
2015-W20,LOTW_Monday,1.1131,1.12065,1.11547,75.49999999999946,335.700000000001,1.12121,57.40000000000079,UP,1.1131,1.14667,True,
2015-W21,HOTW_Monday,1.12986,1.14494,1.13134,150.7999999999998,447.3000000000016,1.11495,-163.89999999999904,DOWN,1.10021,1.14494,,True
2015-W22,HOTW_Monday,1.09592,1.10095,1.09774,50.3000000000009,190.30000000000103,1.08719,-105.49999999999838,DOWN,1.08192,1.10095,,True
2015-W23,LOTW_Monday,1.08872,1.09881,1.09261,100.90000000000154,492.50000000000017,1.115,223.8999999999991,UP,1.08872,1.13797,True,
2015-W24,LOTW_Monday,1.10841,1.13067,1.12904,222.60000000000167,302.20000000000135,1.12819,-8.500000000000174,DOWN,1.10841,1.13863,False,
2015-W25,LOTW_Monday,1.11891,1.12945,1.12825,105.39999999999993,247.1000000000001,1.1247,-35.49999999999942,DOWN,1.11891,1.14362,False,
2015-W26,HOTW_Monday,1.13117,1.14101,1.13395,98.40000000000072,279.9000000000018,1.11664,-173.09999999999937,DOWN,1.11302,1.14101,,True
2015-W27,LOTW_Monday,1.0953,1.12785,1.12343,325.5000000000008,325.5000000000008,1.11454,-88.89999999999843,DOWN,1.0953,1.12785,False,
2015-W29,HOTW_Monday,1.09956,1.11971,1.10004,201.4999999999989,370.39999999999964,1.10075,7.099999999999884,UP,1.08267,1.11971,,False
2015-W30,LOTW_Monday,1.08082,1.087,1.08239,61.80000000000074,209.50000000000023,1.09327,108.80000000000001,UP,1.08082,1.10177,True,
2015-W31,HOTW_Monday,1.09689,1.11294,1.10869,160.5000000000012,236.19999999999973,1.1059,-27.89999999999848,DOWN,1.08932,1.11294,,True
2015-W32,HOTW_Monday,1.09411,1.09958,1.09485,54.700000000000855,147.80000000000015,1.08801,-68.4000000000018,DOWN,1.0848,1.09958,,True
2015-W33,LOTW_Monday,1.09251,1.10413,1.10178,116.19999999999963,288.69999999999953,1.10404,22.599999999999287,UP,1.09251,1.12138,True,
2015-W35,HOTW_Monday,1.13692,1.1714,1.16174,344.80000000000064,558.0000000000007,1.1514,-103.40000000000016,DOWN,1.1156,1.1714,,True
2015-W37,LOTW_Monday,1.11213,1.11776,1.11688,56.30000000000024,228.29999999999905,1.12009,32.099999999999355,UP,1.11213,1.13496,True,
2015-W39,HOTW_Monday,1.11811,1.13299,1.11891,148.80000000000004,224.89999999999898,1.11189,-70.20000000000026,DOWN,1.1105,1.13299,,True
2015-W45,HOTW_Monday,1.10004,1.10525,1.10147,52.100000000001586,346.20000000000095,1.09622,-52.49999999999977,DOWN,1.07063,1.10525,,True
2015-W50,LOTW_Monday,1.0796,1.08876,1.08369,91.60000000000056,246.5000000000006,1.08917,54.799999999999294,UP,1.0796,1.10425,True,
2015-W52,LOTW_Monday,1.0847,1.09389,1.09145,91.90000000000032,137.1000000000011,1.09555,40.99999999999993,UP,1.0847,1.09841,True,
2015-W53,HOTW_Monday,1.09547,1.09924,1.09652,37.700000000000514,139.7000000000004,1.09193,-45.89999999999872,DOWN,1.08527,1.09924,,True
2016-W01,HOTW_Monday,1.07811,1.09464,1.08296,165.30000000000155,235.80000000000157,1.07472,-82.40000000000025,DOWN,1.07106,1.09464,,True
2016-W04,LOTW_Monday,1.07882,1.08568,1.08484,68.60000000000088,179.3,1.08702,21.800000000000708,UP,1.07882,1.09675,True,
2016-W05,LOTW_Monday,1.08149,1.09127,1.08878,97.799999999999,429.99999999999926,1.09182,30.399999999999316,UP,1.08149,1.12449,True,
2016-W06,LOTW_Monday,1.10864,1.12158,1.1192,129.39999999999952,290.0999999999998,1.12909,98.89999999999955,UP,1.10864,1.13765,True,
2016-W07,HOTW_Monday,1.11278,1.12497,1.11523,121.89999999999924,182.99999999999983,1.11427,-9.599999999998499,DOWN,1.10667,1.12497,,True
2016-W08,HOTW_Monday,1.1003,1.11244,1.1028,121.4000000000004,212.8000000000019,1.1019,-8.999999999999009,DOWN,1.09116,1.11244,,True
2016-W12,HOTW_Monday,1.12343,1.12847,1.12409,50.400000000001555,140.5000000000012,1.12161,-24.800000000000377,DOWN,1.11442,1.12847,,True
2016-W13,LOTW_Monday,1.11528,1.122,1.11958,67.20000000000059,284.9999999999997,1.12907,94.89999999999998,UP,1.11528,1.14378,True,
2016-W17,LOTW_Monday,1.12177,1.12781,1.12668,60.40000000000045,241.5999999999996,1.12958,29.000000000001247,UP,1.12177,1.14593,True,
2016-W21,HOTW_Monday,1.11875,1.12428,1.12192,55.30000000000035,132.49999999999983,1.11384,-80.80000000000086,DOWN,1.11103,1.12428,,True
2016-W22,LOTW_Monday,1.10977,1.11447,1.11387,47.000000000001485,276.0000000000007,1.11296,-9.099999999999664,DOWN,1.10977,1.13737,False,
2016-W24,HOTW_Monday,1.12321,1.13028,1.129,70.6999999999991,171.9999999999988,1.12068,-83.20000000000105,DOWN,1.11308,1.13028,,True
2016-W26,LOTW_Monday,1.09706,1.10835,1.10223,112.90000000000022,198.8000000000012,1.1062,39.70000000000029,UP,1.09706,1.11694,True,
2016-W28,LOTW_Monday,1.10157,1.10746,1.10563,58.900000000001725,149.00000000000136,1.1058,1.7000000000000348,UP,1.10157,1.11647,True,
2016-W29,HOTW_Monday,1.10374,1.10841,1.10741,46.69999999999952,128.59999999999872,1.10195,-54.60000000000021,DOWN,1.09555,1.10841,,True
2016-W30,LOTW_Monday,1.09519,1.09987,1.09943,46.79999999999795,245.29999999999941,1.09853,-8.999999999999009,DOWN,1.09519,1.11972,False,
2016-W33,LOTW_Monday,1.11533,1.12036,1.11829,50.3000000000009,212.90000000000032,1.12776,94.7000000000009,UP,1.11533,1.13662,True,
2016-W36,LOTW_Monday,1.11391,1.11821,1.11475,42.9999999999997,187.80000000000018,1.12554,107.90000000000077,UP,1.11391,1.13269,True,
2016-W39,HOTW_Monday,1.12211,1.1279,1.1252,57.89999999999962,125.79999999999814,1.12146,-37.400000000000766,DOWN,1.11532,1.1279,,True
2016-W40,HOTW_Monday,1.12051,1.12432,1.12102,38.10000000000091,139.00000000000023,1.12023,-7.899999999998464,DOWN,1.11042,1.12432,,True
2016-W41,HOTW_Monday,1.11313,1.12027,1.11375,71.40000000000146,234.00000000000088,1.10517,-85.80000000000032,DOWN,1.09687,1.12027,,True
2016-W44,LOTW_Monday,1.09359,1.09909,1.09797,54.99999999999838,205.2999999999994,1.10542,74.50000000000179,UP,1.09359,1.11412,True,
2016-W46,HOTW_Monday,1.0709,1.08396,1.07356,130.6000000000007,270.69999999999925,1.07198,-15.800000000001369,DOWN,1.05689,1.08396,,True
2016-W49,LOTW_Monday,1.05045,1.07961,1.07631,291.59999999999854,368.6999999999996,1.07159,-47.20000000000057,DOWN,1.05045,1.08732,False,
2017-W03,LOTW_Monday,1.05793,1.06358,1.05982,56.49999999999933,140.40000000000052,1.07107,112.49999999999983,UP,1.05793,1.07197,True,
2017-W05,LOTW_Monday,1.06201,1.07402,1.06924,120.10000000000076,208.60000000000102,1.07972,104.80000000000045,UP,1.06201,1.08287,True,
2017-W06,HOTW_Monday,1.07055,1.07912,1.07488,85.70000000000189,183.60000000000153,1.06828,-66.00000000000162,DOWN,1.06076,1.07912,,True
2017-W08,HOTW_Monday,1.06031,1.06328,1.0611,29.69999999999917,139.10000000000088,1.05347,-76.30000000000025,DOWN,1.04937,1.06328,,True
2017-W09,HOTW_Monday,1.05513,1.06305,1.05858,79.2000000000015,135.60000000000016,1.05752,-10.600000000000609,DOWN,1.04949,1.06305,,True
2017-W13,HOTW_Monday,1.08269,1.09061,1.08641,79.2000000000015,256.10000000000133,1.08123,-51.800000000001845,DOWN,1.065,1.09061,,True
2017-W15,LOTW_Monday,1.05697,1.06066,1.05948,36.89999999999971,107.90000000000077,1.06043,9.500000000000064,UP,1.05697,1.06776,True,
2017-W16,LOTW_Monday,1.06024,1.06705,1.06419,68.09999999999982,174.90000000000006,1.07297,87.8000000000001,UP,1.06024,1.07773,True,
2017-W17,LOTW_Monday,1.08206,1.09181,1.08663,97.49999999999926,130.09999999999965,1.09241,57.800000000001184,UP,1.08206,1.09507,True,
2017-W19,HOTW_Monday,1.09162,1.10211,1.09229,104.89999999999888,181.99999999999994,1.08723,-50.60000000000065,DOWN,1.08391,1.10211,,True
2017-W20,LOTW_Monday,1.09225,1.09895,1.0975,67.0000000000015,289.39999999999964,1.10809,105.900000000001,UP,1.09225,1.12119,True,
2017-W23,HOTW_Monday,1.12341,1.12837,1.12519,49.600000000000755,117.40000000000083,1.12758,23.900000000001143,UP,1.11663,1.12837,,False
2017-W25,HOTW_Monday,1.1143,1.12127,1.11465,69.6999999999992,94.00000000000075,1.1133,-13.499999999999623,DOWN,1.11187,1.12127,,True
2017-W26,LOTW_Monday,1.11717,1.12198,1.11811,48.09999999999981,273.60000000000053,1.13382,157.10000000000113,UP,1.11717,1.14453,True,
2017-W29,LOTW_Monday,1.14346,1.1487,1.14776,52.400000000001334,248.3000000000013,1.15533,75.70000000000077,UP,1.14346,1.16829,True,
2017-W31,LOTW_Monday,1.1723,1.18455,1.18403,122.50000000000094,187.10000000000005,1.17999,-40.399999999998215,DOWN,1.1723,1.19101,False,
2017-W33,HOTW_Monday,1.177,1.18382,1.17783,68.20000000000049,176.20000000000192,1.1733,-45.29999999999923,DOWN,1.1662,1.18382,,True
2017-W34,LOTW_Monday,1.17312,1.18279,1.18145,96.70000000000067,210.09999999999974,1.17602,-54.299999999998235,DOWN,1.17312,1.19413,False,
2017-W37,HOTW_Monday,1.19478,1.20294,1.19511,81.59999999999945,191.5,1.19655,14.400000000001079,UP,1.18379,1.20294,,False
2017-W39,HOTW_Monday,1.18321,1.19364,1.18473,104.29999999999939,219.40000000000072,1.17917,-55.600000000000094,DOWN,1.1717,1.19364,,True
2017-W40,HOTW_Monday,1.173,1.18147,1.17313,84.69999999999978,145.60000000000127,1.17416,10.300000000000864,UP,1.16691,1.18147,,False
2017-W41,LOTW_Monday,1.17195,1.17558,1.17394,36.300000000000225,160.09999999999857,1.18073,67.90000000000074,UP,1.17195,1.18796,True,
2017-W44,LOTW_Monday,1.15937,1.16577,1.16489,63.999999999999616,96.49999999999936,1.16442,-4.699999999999704,DOWN,1.15937,1.16902,False,
2017-W46,LOTW_Monday,1.16373,1.1675,1.16659,37.700000000000514,223.2999999999996,1.17966,130.69999999999914,UP,1.16373,1.18606,True,
2017-W48,HOTW_Monday,1.18955,1.19611,1.18968,65.599999999999,152.30000000000078,1.18379,-58.900000000001725,DOWN,1.18088,1.19611,,True
2017-W49,HOTW_Monday,1.18291,1.18785,1.1864,49.40000000000167,148.50000000000028,1.18251,-38.899999999999494,DOWN,1.173,1.18785,,True
2017-W51,LOTW_Monday,1.17371,1.1834,1.17801,96.89999999999976,164.5999999999992,1.18382,58.10000000000093,UP,1.17371,1.19017,True,
2018-W01,LOTW_Monday,1.14213,1.14674,1.14644,46.10000000000003,667.5999999999993,1.20569,592.5000000000002,UP,1.14213,1.20889,True,
2018-W04,LOTW_Monday,1.22138,1.22704,1.22581,56.59999999999998,323.7000000000001,1.2297,38.899999999999494,UP,1.22138,1.25375,True,
2018-W06,HOTW_Monday,1.23625,1.24747,1.2365,112.20000000000007,269.20000000000056,1.23755,10.499999999999954,UP,1.22055,1.24747,,False
2018-W07,LOTW_Monday,1.22349,1.22971,1.229,62.20000000000114,320.10000000000093,1.23499,59.899999999999395,UP,1.22349,1.2555,True,
2018-W08,HOTW_Monday,1.2369,1.2435,1.24062,65.99999999999939,175.30000000000047,1.2337,-69.20000000000037,DOWN,1.22597,1.2435,,True
2018-W09,HOTW_Monday,1.22777,1.23547,1.23163,77.0000000000004,200.29999999999993,1.2232,-84.29999999999937,DOWN,1.21544,1.23547,,True
2018-W10,LOTW_Monday,1.2269,1.23636,1.23355,94.59999999999802,176.7999999999992,1.24028,67.30000000000125,UP,1.2269,1.24458,True,
2018-W14,HOTW_Monday,1.2282,1.23447,1.23008,62.699999999999974,129.69999999999925,1.22692,-31.600000000000517,DOWN,1.2215,1.23447,,True
2018-W15,LOTW_Monday,1.22601,1.233,1.23202,69.90000000000052,135.6999999999986,1.23548,34.600000000000186,UP,1.22601,1.23958,True,
2018-W17,HOTW_Monday,1.21972,1.22892,1.22078,92.00000000000097,234.00000000000088,1.22315,23.699999999999832,UP,1.20552,1.22892,,False
2018-W18,HOTW_Monday,1.20642,1.21387,1.20764,74.49999999999957,228.50000000000037,1.19919,-84.50000000000068,DOWN,1.19102,1.21387,,True
2018-W19,HOTW_Monday,1.18976,1.19776,1.19216,80.00000000000007,155.0999999999991,1.18638,-57.800000000001184,DOWN,1.18225,1.19776,,True
2018-W20,HOTW_Monday,1.19261,1.1996,1.19266,69.90000000000052,246.2999999999993,1.18371,-89.50000000000014,DOWN,1.17497,1.1996,,True
2018-W22,HOTW_Monday,1.16072,1.17283,1.16229,121.10000000000065,218.30000000000015,1.15395,-83.40000000000015,DOWN,1.151,1.17283,,True
2018-W27,LOTW_Monday,1.1591,1.16892,1.16385,98.19999999999939,176.09999999999903,1.1655,16.499999999999293,UP,1.1591,1.17671,True,
2018-W28,HOTW_Monday,1.17326,1.17906,1.175,58.00000000000027,178.00000000000037,1.17439,-6.099999999999994,DOWN,1.16126,1.17906,,True
2018-W30,HOTW_Monday,1.16835,1.17498,1.16914,66.29999999999913,129.5999999999986,1.16875,-3.900000000001125,DOWN,1.16202,1.17498,,True
2018-W34,LOTW_Monday,1.13941,1.14848,1.14793,90.69999999999911,245.40000000000006,1.15698,90.50000000000003,UP,1.13941,1.16395,True,
2018-W37,LOTW_Monday,1.1526,1.16156,1.15908,89.59999999999857,195.49999999999957,1.1604,13.199999999999878,UP,1.1526,1.17215,True,
2018-W38,LOTW_Monday,1.16177,1.16979,1.16829,80.20000000000138,184.80000000000052,1.16635,-19.400000000000528,DOWN,1.16177,1.18025,False,
2018-W39,HOTW_Monday,1.1724,1.18148,1.17476,90.79999999999977,244.90000000000123,1.1766,18.400000000000638,UP,1.15699,1.18148,,False
2018-W40,HOTW_Monday,1.15631,1.16243,1.15777,61.20000000000125,161.10000000000068,1.15454,-32.300000000000665,DOWN,1.14632,1.16243,,True
2018-W43,HOTW_Monday,1.14556,1.15499,1.14639,94.3000000000005,214.39999999999904,1.14698,5.9000000000009045,UP,1.13355,1.15499,,False
2018-W46,LOTW_Monday,1.12154,1.13303,1.12167,114.9,204.59999999999923,1.12873,70.60000000000066,UP,1.12154,1.142,True,
2018-W50,HOTW_Monday,1.13503,1.14425,1.13547,92.20000000000006,172.90000000000026,1.13152,-39.49999999999898,DOWN,1.12696,1.14425,,True
2018-W51,LOTW_Monday,1.12967,1.13577,1.13472,60.99999999999994,189.20000000000047,1.13595,12.300000000000644,UP,1.12967,1.14859,True,
2019-W01,LOTW_Monday,1.11718,1.12207,1.11985,48.899999999998386,324.89999999999907,1.12076,9.099999999999664,UP,1.11718,1.14967,True,
2019-W02,LOTW_Monday,1.13954,1.14826,1.1474,87.20000000000061,174.30000000000058,1.14406,-33.39999999999898,DOWN,1.13954,1.15697,False,
2019-W05,LOTW_Monday,1.139,1.14436,1.14271,53.600000000000314,124.10000000000032,1.14307,3.60000000000138,UP,1.139,1.15141,True,
2019-W06,HOTW_Monday,1.14244,1.14603,1.14353,35.90000000000204,139.60000000000196,1.14054,-29.89999999999826,DOWN,1.13207,1.14603,,True
2019-W09,LOTW_Monday,1.13281,1.13675,1.13568,39.39999999999833,91.59999999999835,1.13888,31.999999999998696,UP,1.13281,1.14197,True,
2019-W10,HOTW_Monday,1.1309,1.13826,1.13394,73.60000000000034,206.20000000000084,1.13073,-32.099999999999355,DOWN,1.11764,1.13826,,True
2019-W11,LOTW_Monday,1.12217,1.12583,1.12488,36.60000000000218,122.6000000000016,1.1288,39.199999999999235,UP,1.12217,1.13443,True,
2019-W13,HOTW_Monday,1.12889,1.13314,1.13129,42.50000000000087,121.59999999999948,1.12701,-42.79999999999839,DOWN,1.12098,1.13314,,True
2019-W15,LOTW_Monday,1.12118,1.12744,1.12616,62.599999999999326,112.09999999999943,1.12612,-0.40000000000040004,DOWN,1.12118,1.13239,False,
2019-W17,HOTW_Monday,1.12357,1.1262,1.12566,26.300000000001322,150.9000000000005,1.12268,-29.800000000002047,DOWN,1.11111,1.1262,,True
2019-W20,HOTW_Monday,1.12216,1.12635,1.12216,41.89999999999916,108.39999999999961,1.12033,-18.299999999999983,DOWN,1.11551,1.12635,,True
2019-W22,HOTW_Monday,1.11869,1.12151,1.1191,28.200000000000447,99.10000000000085,1.11598,-31.200000000000117,DOWN,1.1116,1.12151,,True
2019-W23,LOTW_Monday,1.11601,1.12619,1.12414,101.80000000000078,187.6000000000011,1.12515,10.100000000001774,UP,1.11601,1.13477,True,
2019-W27,HOTW_Monday,1.1281,1.1371,1.12851,89.99999999999898,163.69999999999996,1.12847,-0.3999999999981796,DOWN,1.12073,1.1371,,True
2019-W29,HOTW_Monday,1.12532,1.12838,1.12577,30.599999999998406,84.10000000000028,1.12103,-47.399999999999665,DOWN,1.11997,1.12838,,True
2019-W30,HOTW_Monday,1.12062,1.12253,1.12094,19.100000000000783,123.99999999999966,1.11517,-57.70000000000053,DOWN,1.11013,1.12253,,True
2019-W32,LOTW_Monday,1.11033,1.1213,1.12033,109.69999999999925,146.39999999999986,1.1198,-5.300000000001415,DOWN,1.11033,1.12497,False,
2019-W33,HOTW_Monday,1.11619,1.12306,1.12131,68.69999999999932,164.4000000000001,1.1171,-42.10000000000047,DOWN,1.10662,1.12306,,True
2019-W35,HOTW_Monday,1.10942,1.11639,1.11008,69.6999999999992,200.70000000000033,1.10901,-10.699999999999044,DOWN,1.09632,1.11639,,True
2019-W38,HOTW_Monday,1.09932,1.10863,1.09991,93.0999999999993,96.19999999999962,1.10725,73.40000000000124,UP,1.09901,1.10863,,False
2019-W39,HOTW_Monday,1.09661,1.10253,1.09925,59.19999999999925,120.70000000000024,1.10193,26.800000000000157,UP,1.09046,1.10253,,False
2019-W43,HOTW_Monday,1.11386,1.11793,1.11487,40.70000000000018,106.39999999999984,1.11243,-24.399999999999977,DOWN,1.10729,1.11793,,True
2019-W45,HOTW_Monday,1.11247,1.11753,1.11272,50.599999999998424,158.59999999999985,1.10742,-52.99999999999861,DOWN,1.10167,1.11753,,True
2019-W48,HOTW_Monday,1.10035,1.10321,1.10126,28.600000000000847,51.000000000001044,1.10194,6.800000000000139,UP,1.09811,1.10321,,False
2019-W49,LOTW_Monday,1.10029,1.10907,1.10784,87.8000000000001,113.19999999999996,1.10809,2.500000000000835,UP,1.10029,1.11161,True,
2019-W50,LOTW_Monday,1.10533,1.10779,1.10635,24.600000000001288,146.20000000000078,1.10919,28.399999999999537,UP,1.10533,1.11995,True,
2020-W02,HOTW_Monday,1.11571,1.12055,1.11968,48.39999999999955,120.49999999999895,1.11526,-44.200000000000905,DOWN,1.1085,1.12055,,True
2020-W06,HOTW_Monday,1.10356,1.10939,1.10593,58.30000000000002,152.00000000000102,1.10434,-15.899999999999803,DOWN,1.09419,1.10939,,True
2020-W07,HOTW_Monday,1.09076,1.09574,1.09105,49.79999999999984,130.29999999999876,1.09143,3.7999999999982492,UP,1.08271,1.09574,,False
2020-W09,LOTW_Monday,1.0805,1.0872,1.08519,66.99999999999929,247.99999999999932,1.08806,28.69999999999928,UP,1.0805,1.1053,True,
2020-W10,LOTW_Monday,1.10362,1.11845,1.11331,148.299999999999,320.4999999999991,1.11716,38.49999999999909,UP,1.10362,1.13567,True,
2020-W11,HOTW_Monday,1.13397,1.14954,1.14368,155.70000000000084,440.4000000000008,1.12916,-145.2000000000009,DOWN,1.1055,1.14954,,True
2020-W12,HOTW_Monday,1.10849,1.12366,1.11788,151.70000000000127,599.1000000000013,1.10076,-171.20000000000024,DOWN,1.06375,1.12366,,True
2020-W13,LOTW_Monday,1.06357,1.08279,1.07247,192.20000000000016,511.60000000000093,1.07829,58.19999999999936,UP,1.06357,1.11473,True,
2020-W14,HOTW_Monday,1.101,1.11383,1.10427,128.3000000000012,365.6000000000015,1.10299,-12.800000000001699,DOWN,1.07727,1.11383,,True
2020-W15,LOTW_Monday,1.07683,1.08354,1.0792,67.09999999999994,184.10000000000036,1.08904,98.40000000000072,UP,1.07683,1.09524,True,
2020-W17,HOTW_Monday,1.08411,1.08967,1.08607,55.600000000000094,169.59999999999863,1.08564,-4.300000000001525,DOWN,1.07271,1.08967,,True
2020-W19,HOTW_Monday,1.08956,1.09736,1.09058,77.99999999999807,207.09999999999783,1.08377,-68.10000000000204,DOWN,1.07665,1.09736,,True
2020-W21,LOTW_Monday,1.07999,1.0927,1.09154,127.1,208.3999999999997,1.09221,6.699999999999484,UP,1.07999,1.10083,True,
2020-W22,LOTW_Monday,1.08706,1.09144,1.0895,43.80000000000051,274.4999999999998,1.09816,86.60000000000112,UP,1.08706,1.11451,True,
2020-W23,LOTW_Monday,1.11004,1.1154,1.11353,53.600000000000314,283.20000000000124,1.11693,34.000000000000696,UP,1.11004,1.13836,True,
2020-W26,LOTW_Monday,1.11684,1.12698,1.12597,101.40000000000038,180.19999999999925,1.13074,47.70000000000163,UP,1.11684,1.13486,True,
2020-W28,LOTW_Monday,1.12411,1.13454,1.13089,104.30000000000162,129.50000000000017,1.12727,-36.19999999999956,DOWN,1.12411,1.13706,False,
2020-W29,LOTW_Monday,1.13008,1.13748,1.13435,74.00000000000074,151.20000000000022,1.13993,55.800000000001404,UP,1.13008,1.1452,True,
2020-W30,LOTW_Monday,1.14023,1.14677,1.14472,65.3999999999999,255.6999999999987,1.15265,79.29999999999993,UP,1.14023,1.1658,True,
2020-W31,LOTW_Monday,1.16413,1.17813,1.1751,139.9999999999979,267.39999999999986,1.1715,-36.000000000000476,DOWN,1.16413,1.19087,False,
2020-W32,LOTW_Monday,1.16959,1.17966,1.17617,100.70000000000023,220.10000000000085,1.18028,41.10000000000058,UP,1.16959,1.1916,True,
2020-W39,HOTW_Monday,1.17317,1.18717,1.17707,140.0000000000001,259.59999999999985,1.17077,-62.99999999999972,DOWN,1.16121,1.18717,,True
2020-W40,LOTW_Monday,1.1615,1.16799,1.1665,64.90000000000107,154.6000000000003,1.17426,77.5999999999999,UP,1.1615,1.17696,True,
2020-W41,LOTW_Monday,1.17053,1.17975,1.17825,92.20000000000006,125.6999999999997,1.17334,-49.099999999999696,DOWN,1.17053,1.1831,False,
2020-W42,HOTW_Monday,1.17867,1.18266,1.1812,39.89999999999938,138.19999999999942,1.1744,-67.99999999999918,DOWN,1.16884,1.18266,,True
2020-W43,LOTW_Monday,1.17031,1.17936,1.17695,90.50000000000003,177.59999999999997,1.18211,51.600000000000534,UP,1.17031,1.18807,True,
2020-W44,HOTW_Monday,1.18032,1.18605,1.18091,57.300000000000125,220.50000000000125,1.17871,-21.999999999999797,DOWN,1.164,1.18605,,True
2020-W46,HOTW_Monday,1.17952,1.19199,1.18127,124.70000000000203,174.50000000000188,1.18127,0.0,UP,1.17454,1.19199,,False
2020-W47,LOTW_Monday,1.18141,1.18689,1.18516,54.799999999999294,79.59999999999967,1.18612,9.600000000000719,UP,1.18141,1.18937,True,
2020-W48,LOTW_Monday,1.17997,1.1906,1.18399,106.30000000000139,164.4000000000001,1.18905,50.599999999998424,UP,1.17997,1.19641,True,
2020-W50,HOTW_Monday,1.20784,1.21662,1.21091,87.8000000000001,107.50000000000037,1.21022,-6.899999999998574,DOWN,1.20587,1.21662,,True
2020-W51,LOTW_Monday,1.21155,1.21767,1.21432,61.20000000000125,157.10000000000113,1.21505,7.299999999998974,UP,1.21155,1.22726,True,
2020-W52,LOTW_Monday,1.21296,1.22529,1.22432,123.29999999999953,127.39999999999974,1.2161,-82.20000000000115,DOWN,1.21296,1.2257,False,
2020-W53,LOTW_Monday,1.21811,1.22502,1.2216,69.09999999999971,128.99999999999912,1.22478,31.799999999999606,UP,1.21811,1.23101,True,
2021-W02,HOTW_Monday,1.21321,1.22284,1.21496,96.30000000000027,153.69999999999885,1.22062,56.59999999999998,UP,1.20747,1.22284,,False
2021-W03,LOTW_Monday,1.20535,1.20867,1.20749,33.199999999999896,135.89999999999992,1.21284,53.49999999999966,UP,1.20535,1.21894,True,
2021-W04,HOTW_Monday,1.21158,1.21832,1.21363,67.39999999999968,124.69999999999982,1.21597,23.400000000000087,UP,1.20585,1.21832,,False
2021-W05,HOTW_Monday,1.2056,1.21363,1.20594,80.29999999999981,184.10000000000036,1.20428,-16.599999999999948,DOWN,1.19522,1.21363,,True
2021-W06,LOTW_Monday,1.20196,1.2066,1.20482,46.39999999999978,129.79999999999993,1.21172,68.99999999999906,UP,1.20196,1.21494,True,
2021-W12,HOTW_Monday,1.18744,1.19468,1.19348,72.39999999999912,185.10000000000025,1.18505,-84.3000000000016,DOWN,1.17617,1.19468,,True
2021-W13,HOTW_Monday,1.17606,1.17939,1.17642,33.299999999998334,89.89999999999831,1.17169,-47.30000000000123,DOWN,1.1704,1.17939,,True
2021-W14,LOTW_Monday,1.17379,1.18194,1.18125,81.50000000000102,189.50000000000023,1.1874,61.500000000000995,UP,1.17379,1.19274,True,
2021-W15,LOTW_Monday,1.1871,1.1919,1.19099,47.999999999999154,123.59999999999927,1.19474,37.499999999999204,UP,1.1871,1.19946,True,
2021-W16,LOTW_Monday,1.19424,1.2048,1.20367,105.60000000000124,157.49999999999932,1.20342,-2.500000000000835,DOWN,1.19424,1.20999,False,
2021-W20,LOTW_Monday,1.21259,1.21687,1.21513,42.79999999999839,119.1999999999993,1.22219,70.60000000000066,UP,1.21259,1.22451,True,
2021-W25,LOTW_Monday,1.18476,1.19213,1.1917,73.69999999999877,127.5000000000004,1.19407,23.699999999999832,UP,1.18476,1.19751,True,
2021-W26,HOTW_Monday,1.19022,1.19444,1.1923,42.19999999999891,137.39999999999864,1.18953,-27.69999999999939,DOWN,1.1807,1.19444,,True
2021-W28,HOTW_Monday,1.1836,1.18802,1.18596,44.200000000000905,108.50000000000026,1.17758,-83.79999999999832,DOWN,1.17717,1.18802,,True
2021-W30,LOTW_Monday,1.17632,1.18172,1.18026,54.00000000000071,145.29999999999933,1.18165,13.900000000000023,UP,1.17632,1.19085,True,
2021-W33,HOTW_Monday,1.17672,1.18007,1.17764,33.499999999999645,136.8999999999998,1.17086,-67.80000000000008,DOWN,1.16638,1.18007,,True
2021-W34,LOTW_Monday,1.16925,1.17501,1.17439,57.6000000000021,109.70000000000147,1.17541,10.200000000000209,UP,1.16925,1.18022,True,
2021-W35,LOTW_Monday,1.17827,1.18097,1.17964,27.000000000001467,126.3000000000014,1.18079,11.499999999999844,UP,1.17827,1.1909,True,
2021-W36,HOTW_Monday,1.18557,1.18862,1.18683,30.49999999999997,84.29999999999937,1.18399,-28.399999999999537,DOWN,1.18019,1.18862,,True
2021-W39,HOTW_Monday,1.16846,1.17261,1.16949,41.499999999998764,163.69999999999996,1.16827,-12.199999999999989,DOWN,1.15624,1.17261,,True
2021-W40,HOTW_Monday,1.15876,1.164,1.16189,52.39999999999911,110.89999999999822,1.15966,-22.300000000001763,DOWN,1.15291,1.164,,True
2021-W42,LOTW_Monday,1.15717,1.16223,1.16091,50.60000000000065,97.59999999999991,1.16312,22.099999999998232,UP,1.15717,1.16693,True,
2021-W46,HOTW_Monday,1.13562,1.14638,1.1367,107.5999999999988,213.9000000000002,1.13196,-47.399999999999665,DOWN,1.12499,1.14638,,True
2021-W51,LOTW_Monday,1.12344,1.13037,1.12756,69.30000000000103,108.90000000000066,1.12823,6.700000000001705,UP,1.12344,1.13433,True,
2022-W01,HOTW_Monday,1.12797,1.13782,1.12965,98.50000000000136,106.10000000000008,1.12861,-10.40000000000152,DOWN,1.12721,1.13782,,True
2022-W02,LOTW_Monday,1.12847,1.13602,1.13235,75.49999999999946,197.99999999999818,1.13659,42.40000000000022,UP,1.12847,1.14827,True,
2022-W03,HOTW_Monday,1.13917,1.14344,1.14047,42.69999999999996,133.49999999999972,1.13253,-79.40000000000057,DOWN,1.13009,1.14344,,True
2022-W04,HOTW_Monday,1.12904,1.1345,1.1324,54.60000000000021,223.70000000000002,1.12997,-24.300000000001543,DOWN,1.11213,1.1345,,True
2022-W05,LOTW_Monday,1.1138,1.12478,1.12329,109.7999999999999,345.6999999999999,1.12719,39.00000000000014,UP,1.1138,1.14837,True,
2022-W07,LOTW_Monday,1.12799,1.1369,1.13052,89.09999999999974,115.79999999999924,1.13574,52.200000000000024,UP,1.12799,1.13957,True,
2022-W08,HOTW_Monday,1.13064,1.13905,1.13078,84.09999999999806,284.29999999999956,1.1324,16.20000000000177,UP,1.11062,1.13905,,False
2022-W09,HOTW_Monday,1.11225,1.12464,1.12181,123.90000000000123,360.8000000000011,1.1124,-94.09999999999918,DOWN,1.08856,1.12464,,True
2022-W10,LOTW_Monday,1.08059,1.09325,1.08523,126.60000000000116,315.3000000000006,1.08997,47.40000000000188,UP,1.08059,1.11212,True,
2022-W11,LOTW_Monday,1.09005,1.09938,1.0944,93.30000000000061,237.00000000000054,1.09492,5.199999999998539,UP,1.09005,1.11375,True,
2022-W12,HOTW_Monday,1.10102,1.10701,1.10186,59.899999999999395,109.30000000000106,1.10285,9.900000000000464,UP,1.09608,1.10701,,False
2022-W13,LOTW_Monday,1.09446,1.09995,1.09838,54.89999999999995,240.1999999999993,1.10855,101.70000000000013,UP,1.09446,1.11848,True,
2022-W14,HOTW_Monday,1.09603,1.10544,1.09696,94.09999999999918,218.00000000000043,1.09033,-66.29999999999913,DOWN,1.08364,1.10544,,True
2022-W15,HOTW_Monday,1.08727,1.09332,1.08829,60.50000000000111,175.70000000000084,1.08262,-56.70000000000064,DOWN,1.07575,1.09332,,True
2022-W17,HOTW_Monday,1.06966,1.08153,1.07114,118.70000000000047,344.30000000000183,1.0637,-74.39999999999891,DOWN,1.0471,1.08153,,True
2022-W19,HOTW_Monday,1.04951,1.05924,1.05588,97.30000000000017,242.79999999999856,1.05285,-30.29999999999866,DOWN,1.03496,1.05924,,True
2022-W20,LOTW_Monday,1.03889,1.0443,1.04313,54.09999999999915,218.09999999999886,1.05466,115.30000000000041,UP,1.03889,1.0607,True,
2022-W21,LOTW_Monday,1.05552,1.06973,1.0689,142.10000000000056,209.79999999999998,1.07329,43.90000000000116,UP,1.05552,1.0765,True,
2022-W22,HOTW_Monday,1.07261,1.07867,1.07764,60.59999999999954,159.59999999999974,1.0732,-44.39999999999999,DOWN,1.06271,1.07867,,True
2022-W26,HOTW_Monday,1.05457,1.0615,1.0582,69.30000000000103,249.20000000000053,1.05174,-64.60000000000133,DOWN,1.03658,1.0615,,True
2022-W27,HOTW_Monday,1.04142,1.04627,1.04201,48.50000000000021,390.69999999999936,1.02645,-155.6000000000002,DOWN,1.0072,1.04627,,True
2022-W28,HOTW_Monday,1.00336,1.01834,1.00379,149.79999999999993,231.29999999999984,1.00347,-3.1999999999987594,DOWN,0.99521,1.01834,,True
2022-W29,LOTW_Monday,1.00785,1.02011,1.01413,122.6000000000016,199.59999999999977,1.02251,83.80000000000054,UP,1.00785,1.02781,True,
2022-W30,HOTW_Monday,1.01784,1.02578,1.02176,79.39999999999836,161.19999999999914,1.01145,-103.10000000000042,DOWN,1.00966,1.02578,,True
2022-W32,LOTW_Monday,1.0159,1.02217,1.01946,62.699999999999974,209.50000000000023,1.02126,18.000000000000238,UP,1.0159,1.03685,True,
2022-W33,HOTW_Monday,1.01544,1.02682,1.01592,113.80000000000167,236.40000000000106,1.01702,11.000000000001009,UP,1.00318,1.02682,,False
2022-W37,HOTW_Monday,1.00596,1.01977,1.01214,138.100000000001,252.90000000000035,0.99671,-154.30000000000055,DOWN,0.99448,1.01977,,True
2022-W43,LOTW_Monday,0.98067,0.9899,0.98728,92.2999999999996,286.6999999999986,0.99646,91.79999999999966,UP,0.98067,1.00934,True,
2022-W45,LOTW_Monday,0.99001,1.0034,1.00182,133.90000000000123,463.90000000000043,1.00708,52.60000000000042,UP,0.99001,1.0364,True,
2022-W46,LOTW_Monday,1.02713,1.03584,1.03258,87.09999999999995,209.499999999998,1.03478,21.999999999999797,UP,1.02713,1.04808,True,
2022-W47,LOTW_Monday,1.02227,1.0333,1.02387,110.30000000000095,225.6999999999998,1.03036,64.89999999999884,UP,1.02227,1.04484,True,
2022-W49,HOTW_Monday,1.048,1.05948,1.04877,114.79999999999934,151.69999999999905,1.04629,-24.800000000000377,DOWN,1.04431,1.05948,,True
2022-W50,LOTW_Monday,1.05057,1.058,1.05352,74.30000000000048,230.3999999999995,1.06323,97.09999999999886,UP,1.05057,1.07361,True,
2022-W52,LOTW_Monday,1.05979,1.06361,1.06361,38.19999999999935,115.19999999999975,1.06393,3.20000000000098,UP,1.05979,1.07131,True,
2023-W01,HOTW_Monday,1.06499,1.07087,1.06646,58.79999999999885,226.39999999999992,1.05466,-118.00000000000033,DOWN,1.04823,1.07087,,True
2023-W02,LOTW_Monday,1.06381,1.07605,1.07293,122.40000000000029,229.8,1.07322,2.900000000001235,UP,1.06381,1.08679,True,
2023-W06,HOTW_Monday,1.07092,1.07987,1.0725,89.50000000000014,132.6000000000005,1.07248,-0.1999999999990898,DOWN,1.06661,1.07987,,True
2023-W08,HOTW_Monday,1.06704,1.07044,1.06844,34.000000000000696,168.5000000000003,1.06449,-39.5000000000012,DOWN,1.05359,1.07044,,True
2023-W09,LOTW_Monday,1.05328,1.06095,1.0608,76.70000000000066,158.4999999999992,1.05763,-31.69999999999895,DOWN,1.05328,1.06913,False,
2023-W12,LOTW_Monday,1.06311,1.07295,1.072,98.40000000000072,298.4999999999993,1.0767,46.99999999999926,UP,1.06311,1.09296,True,
2023-W13,LOTW_Monday,1.07449,1.07965,1.07957,51.600000000000534,181.29999999999978,1.08476,51.900000000000276,UP,1.07449,1.09262,True,
2023-W14,LOTW_Monday,1.07882,1.09082,1.09,120.00000000000011,181.9000000000015,1.09545,54.499999999999545,UP,1.07882,1.09701,True,
2023-W15,LOTW_Monday,1.08373,1.09171,1.08629,79.79999999999876,238.49999999999926,1.0912,49.099999999999696,UP,1.08373,1.10758,True,
2023-W16,LOTW_Monday,1.09116,1.09997,1.09307,88.09999999999985,88.09999999999985,1.09708,40.10000000000069,UP,1.09116,1.09997,True,
2023-W19,HOTW_Monday,1.10001,1.10535,1.10031,53.40000000000123,205.90000000000109,1.09605,-42.599999999999305,DOWN,1.08476,1.10535,,True
2023-W21,HOTW_Monday,1.07955,1.08298,1.08112,34.30000000000044,128.00000000000145,1.07674,-43.80000000000051,DOWN,1.07018,1.08298,,True
2023-W24,LOTW_Monday,1.0733,1.079,1.076,57.000000000000384,232.8000000000019,1.07929,32.90000000000015,UP,1.0733,1.09658,True,
2023-W28,LOTW_Monday,1.09434,1.10014,1.10008,57.99999999999805,301.39999999999833,1.10062,5.399999999999849,UP,1.09434,1.12448,True,
2023-W30,HOTW_Monday,1.10602,1.11469,1.10627,86.69999999999956,203.40000000000026,1.10531,-9.600000000000719,DOWN,1.09435,1.11469,,True
2023-W31,HOTW_Monday,1.09934,1.10458,1.09963,52.39999999999911,133.59999999999818,1.09842,-12.100000000001554,DOWN,1.09122,1.10458,,True
2023-W33,HOTW_Monday,1.08747,1.096,1.09051,85.30000000000149,115.00000000000065,1.09013,-3.8000000000004697,DOWN,1.0845,1.096,,True
2023-W36,HOTW_Monday,1.07716,1.08087,1.07939,37.10000000000102,122.59999999999937,1.07216,-72.3000000000007,DOWN,1.06861,1.08087,,True
2023-W39,HOTW_Monday,1.05753,1.06555,1.05924,80.19999999999916,167.50000000000043,1.05717,-20.700000000000163,DOWN,1.0488,1.06555,,True
2023-W42,LOTW_Monday,1.05025,1.05627,1.05597,60.20000000000137,113.80000000000167,1.05767,17.000000000000348,UP,1.05025,1.06163,True,
2023-W45,HOTW_Monday,1.07161,1.07562,1.07168,40.10000000000069,100.19999999999918,1.06992,-17.599999999999838,DOWN,1.0656,1.07562,,True
2023-W46,LOTW_Monday,1.0665,1.07061,1.06975,41.10000000000058,249.8,1.08784,180.8999999999994,UP,1.0665,1.09148,True,
2023-W49,HOTW_Monday,1.0804,1.08948,1.08356,90.79999999999977,171.20000000000024,1.07954,-40.200000000001346,DOWN,1.07236,1.08948,,True
2023-W50,LOTW_Monday,1.07415,1.07789,1.0764,37.400000000000766,267.6999999999996,1.07937,29.69999999999917,UP,1.07415,1.10092,True,
2023-W51,LOTW_Monday,1.0892,1.09311,1.09228,39.100000000000804,148.0999999999999,1.09805,57.70000000000053,UP,1.0892,1.10401,True,
2023-W52,LOTW_Monday,1.09933,1.10202,1.10097,26.900000000000812,146.1000000000001,1.10417,32.00000000000092,UP,1.09933,1.11394,True,
2024-W03,HOTW_Monday,1.09335,1.09675,1.09494,33.99999999999848,122.99999999999977,1.08714,-78.00000000000028,DOWN,1.08445,1.09675,,True
2024-W07,HOTW_Monday,1.07559,1.08055,1.07706,49.59999999999853,110.59999999999847,1.07079,-62.699999999999974,DOWN,1.06949,1.08055,,True
2024-W10,LOTW_Monday,1.0835,1.08667,1.08549,31.70000000000117,146.20000000000078,1.0856,1.0999999999983245,UP,1.0835,1.09812,True,
2024-W17,LOTW_Monday,1.06239,1.06706,1.06541,46.69999999999952,128.8,1.07002,46.10000000000003,UP,1.06239,1.07527,True,
2024-W19,HOTW_Monday,1.07553,1.07907,1.07672,35.39999999999877,66.8000000000002,1.07547,-12.499999999999734,DOWN,1.07239,1.07907,,True
2024-W20,LOTW_Monday,1.07658,1.08068,1.07888,40.99999999999993,129.09999999999977,1.08176,28.799999999999937,UP,1.07658,1.08949,True,
2024-W21,HOTW_Monday,1.0854,1.08844,1.08565,30.400000000001537,79.59999999999967,1.08535,-2.9999999999996696,DOWN,1.08048,1.08844,,True
2024-W26,HOTW_Monday,1.06837,1.07463,1.07319,62.599999999999326,80.29999999999981,1.07139,-18.000000000000238,DOWN,1.0666,1.07463,,True
2024-W28,LOTW_Monday,1.07998,1.0845,1.0823,45.2000000000008,111.49999999999993,1.08127,-10.300000000000864,DOWN,1.07998,1.09113,False,
2024-W30,HOTW_Monday,1.0873,1.09027,1.08908,29.700000000001392,77.10000000000106,1.08533,-37.50000000000142,DOWN,1.08256,1.09027,,True
2024-W32,HOTW_Monday,1.08923,1.10088,1.09505,116.5000000000016,127.39999999999974,1.09313,-19.200000000001438,DOWN,1.08814,1.10088,,True
2024-W33,LOTW_Monday,1.091,1.09393,1.09312,29.300000000000992,137.3000000000002,1.09916,60.39999999999823,UP,1.091,1.10473,True,
2024-W34,LOTW_Monday,1.10227,1.10863,1.10848,63.59999999999921,178.09999999999883,1.11294,44.6000000000013,UP,1.10227,1.12008,True,
2024-W35,HOTW_Monday,1.115,1.12015,1.11609,51.49999999999988,157.7000000000006,1.11836,22.699999999999942,UP,1.10438,1.12015,,False
2024-W39,LOTW_Monday,1.10831,1.11672,1.11109,84.10000000000028,130.90000000000046,1.11794,68.50000000000023,UP,1.10831,1.1214,True,
2024-W40,HOTW_Monday,1.11136,1.12089,1.11345,95.30000000000038,257.6999999999985,1.10675,-67.0000000000015,DOWN,1.09512,1.12089,,True
2024-W42,HOTW_Monday,1.08881,1.09366,1.09082,48.50000000000021,125.60000000000127,1.089,-18.199999999999328,DOWN,1.0811,1.09366,,True
2024-W43,HOTW_Monday,1.08111,1.08717,1.08149,60.59999999999954,110.50000000000004,1.07967,-18.20000000000155,DOWN,1.07612,1.08717,,True
2024-W46,HOTW_Monday,1.06286,1.07277,1.06533,99.10000000000085,231.69999999999914,1.06216,-31.70000000000117,DOWN,1.0496,1.07277,,True
2024-W49,LOTW_Monday,1.04607,1.05733,1.04971,112.60000000000048,169.0999999999998,1.05062,9.100000000001884,UP,1.04607,1.06298,True,
2024-W50,HOTW_Monday,1.0532,1.05944,1.05531,62.40000000000023,141.29999999999976,1.05268,-26.299999999999102,DOWN,1.04531,1.05944,,True
2024-W52,HOTW_Monday,1.03842,1.04452,1.04044,60.99999999999994,61.69999999999787,1.03912,-13.199999999999878,DOWN,1.03835,1.04452,,True
2025-W01,HOTW_Monday,1.17493,1.1789,1.17718,39.70000000000029,1565.3000000000006,1.17475,-24.299999999999322,DOWN,1.02237,1.1789,,True
2025-W02,HOTW_Monday,1.02932,1.04367,1.03895,143.50000000000085,224.000000000002,1.03394,-50.09999999999959,DOWN,1.02127,1.04367,,True
2025-W03,LOTW_Monday,1.01772,1.02499,1.02441,72.7000000000011,177.1999999999996,1.03076,63.49999999999856,UP,1.01772,1.03544,True,
2025-W04,LOTW_Monday,1.02663,1.04342,1.04155,167.90000000000083,255.0000000000008,1.04253,9.799999999999809,UP,1.02663,1.05213,True,
2025-W05,HOTW_Monday,1.04539,1.0533,1.04911,79.09999999999862,183.39999999999802,1.04298,-61.299999999999685,DOWN,1.03496,1.0533,,True
2025-W06,LOTW_Monday,1.02103,1.03497,1.03425,139.3999999999984,232.09999999999954,1.03783,35.80000000000139,UP,1.02103,1.04424,True,
2025-W07,LOTW_Monday,1.02839,1.03363,1.03062,52.400000000001334,230.09999999999974,1.03609,54.69999999999864,UP,1.02839,1.0514,True,
2025-W08,HOTW_Monday,1.04667,1.05062,1.0484,39.5000000000012,105.3000000000015,1.04459,-38.10000000000091,DOWN,1.04009,1.05062,,True
2025-W10,LOTW_Monday,1.03883,1.05036,1.04856,115.30000000000041,500.1000000000011,1.06253,139.7000000000004,UP,1.03883,1.08884,True,
2025-W11,LOTW_Monday,1.08051,1.08744,1.08342,69.2999999999988,141.99999999999991,1.0911,76.79999999999909,UP,1.08051,1.09471,True,
2025-W13,HOTW_Monday,1.07813,1.08579,1.07995,76.6,125.10000000000021,1.07908,-8.699999999999264,DOWN,1.07328,1.08579,,True
2025-W15,LOTW_Monday,1.08792,1.10498,1.09054,170.60000000000076,594.3999999999994,1.09534,47.999999999999154,UP,1.08792,1.14736,True,
2025-W16,HOTW_Monday,1.12956,1.14244,1.13496,128.8,160.49999999999898,1.12814,-68.20000000000049,DOWN,1.12639,1.14244,,True
2025-W17,HOTW_Monday,1.13925,1.15729,1.15128,180.39999999999833,265.1999999999988,1.14195,-93.30000000000061,DOWN,1.13077,1.15729,,True
2025-W18,HOTW_Monday,1.13292,1.14248,1.14179,95.60000000000014,159.0999999999987,1.13855,-32.40000000000131,DOWN,1.12657,1.14248,,True
2025-W20,LOTW_Monday,1.10651,1.12426,1.10844,177.49999999999932,200.39999999999836,1.11844,100.00000000000009,UP,1.10651,1.12655,True,
2025-W21,LOTW_Monday,1.11711,1.12879,1.12406,116.79999999999913,204.29999999999947,1.12818,41.199999999999015,UP,1.11711,1.13754,True,
2025-W22,HOTW_Monday,1.13585,1.14185,1.13838,60.00000000000006,208.2000000000006,1.13291,-54.69999999999864,DOWN,1.12103,1.14185,,True
2025-W23,LOTW_Monday,1.13435,1.14498,1.14419,106.30000000000139,151.30000000000086,1.13699,-72.00000000000095,DOWN,1.13435,1.14948,False,
2025-W25,HOTW_Monday,1.15238,1.16147,1.15589,90.90000000000043,168.60000000000096,1.14794,-79.50000000000124,DOWN,1.14461,1.16147,,True
2025-W26,LOTW_Monday,1.14533,1.15814,1.15741,128.09999999999988,300.59999999999974,1.16089,34.79999999999927,UP,1.14533,1.17539,True,
2025-W27,LOTW_Monday,1.17075,1.17881,1.17869,80.59999999999957,122.29999999999963,1.18059,19.000000000000128,UP,1.17075,1.18298,True,
2025-W28,HOTW_Monday,1.16868,1.17901,1.17077,103.2999999999995,127.79999999999791,1.17246,16.899999999999693,UP,1.16623,1.17901,,False
2025-W30,LOTW_Monday,1.16145,1.17166,1.16908,102.0999999999983,174.1999999999999,1.17538,63.00000000000195,UP,1.16145,1.17887,True,
2025-W31,HOTW_Monday,1.1585,1.177,1.15876,184.9999999999996,378.4999999999994,1.15453,-42.29999999999956,DOWN,1.13915,1.177,,True
2025-W33,LOTW_Monday,1.159,1.16754,1.16149,85.39999999999992,140.1000000000008,1.16739,59.00000000000016,UP,1.159,1.17301,True,
2025-W35,HOTW_Monday,1.16028,1.17259,1.16161,123.10000000000043,151.90000000000038,1.16419,25.800000000000267,UP,1.1574,1.17259,,False
2025-W38,LOTW_Monday,1.1716,1.17744,1.17609,58.400000000000674,202.59999999999945,1.18668,105.89999999999877,UP,1.1716,1.19186,True,
2025-W41,HOTW_Monday,1.16516,1.17307,1.17104,79.10000000000083,188.70000000000164,1.16563,-54.10000000000137,DOWN,1.1542,1.17307,,True
2025-W43,HOTW_Monday,1.16382,1.16753,1.16412,37.0999999999988,98.5999999999998,1.15994,-41.80000000000072,DOWN,1.15767,1.16753,,True
2025-W46,LOTW_Monday,1.15409,1.15829,1.15568,41.999999999999815,114.99999999999844,1.1582,25.199999999998557,UP,1.15409,1.16559,True,
2025-W47,HOTW_Monday,1.15818,1.16244,1.15912,42.599999999999305,133.49999999999972,1.15803,-10.900000000000354,DOWN,1.14909,1.16244,,True
2025-W48,LOTW_Monday,1.15018,1.15503,1.15205,48.50000000000021,111.39999999999928,1.15697,49.20000000000036,UP,1.15018,1.16132,True,
2025-W49,LOTW_Monday,1.15893,1.16522,1.16092,62.89999999999907,92.60000000000046,1.16233,14.100000000001334,UP,1.15893,1.16819,True,
2025-W52,LOTW_Monday,1.17058,1.17693,1.17612,63.50000000000078,102.10000000000052,1.1794,32.7999999999995,UP,1.17058,1.18079,True,
